p_id,chain,subtype,host,location,year,H,N,sequence
1eo8,A,H3N2,human,Aichi,1968,3,2,TATLCLGHHAVPNGTLVKTITDDQIEVTNATELVQSSSTGKICNN-PHRILDGIDCTLIDALLGDPHCDVFQNE-TWDLFVERSKAFS-NCYPYDVPDYASLRSLVASSGTLEFITEG---FTW-T-GVTQNGGSNACKR-GPGSGFFSRLNWLTKSGS--TYPVLNVTMPNNDNFDKLYIWGIHHPSTNQEQTSLYVQASGRVTVSTRRSQQTIIPNIGSRPWVRGLSSRISIYWTIVKPGDVLVINSNGNLIAPRGYFKM--RTGKSSIMRSDAPI-DTCISECITPNGSIPNDKPFQNVNKITYGACPKYVKQNTLKLATGMRNVP--
1ha0,A,H3N2,human,Aichi,1968,3,2,TATLCLGHHAVPNGTLVKTITDDQIEVTNATELVQSSSTGKICNN-PHRILDGIDCTLIDALLGDPHCDVFQNE-TWDLFVERSKAFS-NCYPYDVPDYASLRSLVASSGTLEFITEG---FTW-T-GVTQNGGSNACKR-GPGSGFFSRLNWLTKSGS--TYPVLNVTMPNNDNFDKLYIWGIHHPSTNQEQTSLYVQASGRVTVSTRRSQQTIIPNIGSRPWVRGLSSRISIYWTIVKPGDVLVINSNGNLIAPRGYFKM--RTGKSSIMRSDAPI-DTCISECITPNGSIPNDKPFQNVNKITYGACPKYVKQNTLKLATGMRNVP--
1hgd,A,H3N2,reassortant,,,3,2,TATLCLGHHAVPNGTLVKTITDDQIEVTNATELVQSSSTGKICNN-PHRILDGIDCTLIDALLGDPHCDVFQNE-TWDLFVERSKAFS-NCYPYDVPDYASLRSLVASSGTLEFITEG---FTW-T-GVTQNGRSNACKR-GPGSGFFSRLNWLTKSGS--TYPVLNVTMPNNDNFDKLYIWGIHHPSTNQEQTSLYVQASGRVTVSTRRSQQTIIPNIGSRPWVRGLSSRISIYWTIVKPGDVLVINSNGNLIAPRGYFKM--RTGKSSIMRSDAPI-DTCISECITPNGSIPNDKPFQNVNKITYGACPKYVKQNTLKLATGMRNVP--
1hge,A,H3N2,reassortant,,,3,2,TATLCLGHHAVPNGTLVKTITDDQIEVTNATELVQSSSTGKICNN-PHRILDGIDCTLIDALLGDPHCDVFQNE-TWDLFVERSKAFS-NCYPYDVPDYASLRSLVASSGTLEFITEG---FTW-T-GVTQNGRSNACKR-GPGSGFFSRLNWLTKSGS--TYPVLNVTMPNNDNFDKLYIWGIHHPSTNQEQTSLYVQASGRVTVSTRRSQQTIIPNIGSRPWVRGLSSRISIYWTIVKPGDVLVINSNGNLIAPRGYFKM--RTGKSSIMRSDAPI-DTCISECITPNGSIPNDKPFQNVNKITYGACPKYVKQNTLKLATGMRNVP--
1hgf,A,H3N2,reassortant,,,3,2,TATLCLGHHAVPNGTLVKTITDDQIEVTNATELVQSSSTGKICNN-PHRILDGIDCTLIDALLGDPHCDVFQNE-TWDLFVERSKAFS-NCYPYDVPDYASLRSLVASSGTLEFITEG---FTW-T-GVTQNGGSNACKR-GPGSGFFSRLNWLTKSGS--TYPVLNVTMPNNDNFDKLYIWGIHHPSTNQEQTSLYVQASGRVTVSTRRSQQTIIPNIGSRPWVRGLSSRISIYWTIVKPGDVLVINSNGNLIAPRGYFKM--RTGKSSIMRSDAPI-DTCISECITPNGSIPNDKPFQNVNKITYGACPKYVKQNTLKLATGMRNVP--
1hgg,A,H3N2,human,Aichi,1968,3,2,TATLCLGHHAVPNGTLVKTITDDQIEVTNATELVQSSSTGKICNN-PHRILDGIDCTLIDALLGDPHCDVFQNE-TWDLFVERSKAFS-NCYPYDVPDYASLRSLVASSGTLEFITEG---FTW-T-GVTQNGGSNACKR-GPGSGFFSRLNWLTKSGS--TYPVLNVTMPNNDNFDKLYIWGIHHPSTNQEQTSLYVQASGRVTVSTRRSQQTIIPNIGSRPWVRGLSSRISIYWTIVKPGDVLVINSNGNLIAPRGYFKM--RTGKSSIMRSDAPI-DTCISECITPNGSIPNDKPFQNVNKITYGACPKYVKQNTLKLATGMRNVP--
1hgh,A,H3N2,reassortant,,,3,2,TATLCLGHHAVPNGTLVKTITDDQIEVTNATELVQSSSTGKICNN-PHRILDGIDCTLIDALLGDPHCDVFQNE-TWDLFVERSKAFS-NCYPYDVPDYASLRSLVASSGTLEFITEG---FTW-T-GVTQNGGSNACKR-GPGSGFFSRLNWLTKSGS--TYPVLNVTMPNNDNFDKLYIWGIHHPSTNQEQTSLYVQASGRVTVSTRRSQQTIIPNIGSRPWVRGLSSRISIYWTIVKPGDVLVINSNGNLIAPRGYFKM--RTGKSSIMRSDAPI-DTCISECITPNGSIPNDKPFQNVNKITYGACPKYVKQNTLKLATGMRNVP--
1hgi,A,H3N2,reassortant,,,3,2,TATLCLGHHAVPNGTLVKTITDDQIEVTNATELVQSSSTGKICNN-PHRILDGIDCTLIDALLGDPHCDVFQNE-TWDLFVERSKAFS-NCYPYDVPDYASLRSLVASSGTLEFITEG---FTW-T-GVTQNGGSNACKR-GPGSGFFSRLNWLTKSGS--TYPVLNVTMPNNDNFDKLYIWGIHHPSTNQEQTSLYVQASGRVTVSTRRSQQTIIPNIGSRPWVRGLSSRISIYWTIVKPGDVLVINSNGNLIAPRGYFKM--RTGKSSIMRSDAPI-DTCISECITPNGSIPNDKPFQNVNKITYGACPKYVKQNTLKLATGMRNVP--
1hgj,A,H3N2,reassortant,,,3,2,TATLCLGHHAVPNGTLVKTITDDQIEVTNATELVQSSSTGKICNN-PHRILDGIDCTLIDALLGDPHCDVFQNE-TWDLFVERSKAFS-NCYPYDVPDYASLRSLVASSGTLEFITEG---FTW-T-GVTQNGGSNACKR-GPGSGFFSRLNWLTKSGS--TYPVLNVTMPNNDNFDKLYIWGIHHPSTNQEQTSLYVQASGRVTVSTRRSQQTIIPNIGSRPWVRGLSSRISIYWTIVKPGDVLVINSNGNLIAPRGYFKM--RTGKSSIMRSDAPI-DTCISECITPNGSIPNDKPFQNVNKITYGACPKYVKQNTLKLATGMRNVP--
1jsd,A,H9N2,swine,HongKong,1998,9,2,-DKICIGYQSTNSTETVDTLTETNVPVTHAKELLHTSHNGMLCATNLGHPLILDTCTIEGLIYGNPSCDLLLGGREWSYIVERPSAVNGMCYPGNVENLEELRSLFSSASSYQRIQIFPD-TIW-N--VSYSGTSSAC-----SDSFYRSMRWLTQKNN--AYPIQDAQYTNNRGKSILFMWGINHPPTDTVQTNLYTRTDTTTSVTTEDINRTFKPVIGPRPLVNGLHGRIDYYWSVLKPGQTLRVRSNGNLIAPWYGHILS-GESHGRILKTDLNS-GNCVVQCQTERGGLNTTLPFHNVSKYAFGNCPKYVGVKSLKLAVGLRNVP--
1jsh,A,H9N2,swine,HongKong,1998,9,2,-DKICIGYQSTNSTETVDTLTETNVPVTHAKELLHTSHNGMLCATNLGHPLILDTCTIEGLIYGNPSCDLLLGGREWSYIVERPSAVNGMCYPGNVENLEELRSLFSSASSYQRIQIFPD-TIW-N--VSYSGTSSAC-----SDSFYRSMRWLTQKNN--AYPIQDAQYTNNRGKSILFMWGINHPPTDTVQTNLYTRTDTTTSVTTEDINRTFKPVIGPRPLVNGLHGRIDYYWSVLKPGQTLRVRSNGNLIAPWYGHILS-GESHGRILKTDLNS-GNCVVQCQTERGGLNTTLPFHNVSKYAFGNCPKYVGVKSLKLAVGLRNVP--
1jsi,A,H9N2,swine,HongKong,1998,9,2,-DKICIGYQSTNSTETVDTLTETNVPVTHAKELLHTSHNGMLCATNLGHPLILDTCTIEGLIYGNPSCDLLLGGREWSYIVERPSAVNGMCYPGNVENLEELRSLFSSASSYQRIQIFPD-TIW-N--VSYSGTSSAC-----SDSFYRSMRWLTQKNN--AYPIQDAQYTNNRGKSILFMWGINHPPTDTVQTNLYTRTDTTTSVTTEDINRTFKPVIGPRPLVNGLHGRIDYYWSVLKPGQTLRVRSNGNLIAPWYGHILS-GESHGRILKTDLNS-GNCVVQCQTERGGLNTTLPFHNVSKYAFGNCPKYVGVKSLKLAVGLRNVP--
1jsm,A,H5N3,avian,Singapore,1997,5,3,-DQICIGYHANNSTEQVDTIMEKNVTVTHAQDILEKTHNGKLCDLNGVKPLILRDCSVAGWLLGNPMCDEFLNVPEWSYIVEKDNPVNGLCYPENFNDYEELKHLLSSTNHFEKIRIIPR-SSW-SNHDASSGVSSACPY-NGRSSFFRNVVWLIKKNN--AYPTIKRSYNNTNQEDLLILWGIHHPNDAAEQTKLYQNPTTYVSVGTSTLNQRSVPEIATRPKVNGQSGRMEFFWTILKPNDAINFESNGNFIAPEYAYKIV-KKGGSAIMKSGLEY-GNCNTKCQTPMGAINSSMPFHNIHPLTIGECPKYVKSGRLVLATGLRNVP--
1jsn,A,H5N3,avian,Singapore,1997,5,3,-DQICIGYHANNSTEQVDTIMEKNVTVTHAQDILEKTHNGKLCDLNGVKPLILRDCSVAGWLLGNPMCDEFLNVPEWSYIVEKDNPVNGLCYPENFNDYEELKHLLSSTNHFEKIRIIPR-SSW-SNHDASSGVSSACPY-NGRSSFFRNVVWLIKKNN--AYPTIKRSYNNTNQEDLLILWGIHHPNDAAEQTKLYQNPTTYVSVGTSTLNQRSVPEIATRPKVNGQSGRMEFFWTILKPNDAINFESNGNFIAPEYAYKIV-KKGGSAIMKSGLEY-GNCNTKCQTPMGAINSSMPFHNIHPLTIGECPKYVKSGRLVLATGLRNVP--
1jso,A,H5N3,avian,Singapore,1997,5,3,-DQICIGYHANNSTEQVDTIMEKNVTVTHAQDILEKTHNGKLCDLNGVKPLILRDCSVAGWLLGNPMCDEFLNVPEWSYIVEKDNPVNGLCYPENFNDYEELKHLLSSTNHFEKIRIIPR-SSW-SNHDASSGVSSACPY-NGRSSFFRNVVWLIKKNN--AYPTIKRSYNNTNQEDLLILWGIHHPNDAAEQTKLYQNPTTYVSVGTSTLNQRSVPEIATRPKVNGQSGRMEFFWTILKPNDAINFESNGNFIAPEYAYKIV-KKGGSAIMKSGLEY-GNCNTKCQTPMGAINSSMPFHNIHPLTIGECPKYVKSGRLVLATGLRNVP--
1ken,A,H3N2,human,Aichi,1968,3,2,TATLCLGHHAVPNGTLVKTITDDQIEVTNATELVQSSSTGKICNN-PHRILDGIDCTLIDALLGDPHCDVFQNE-TWDLFVERSKAFS-NCYPYDVPDYASLRSLVASSGTLEFITEG---FTW-T-GVTQNGGSNACKR-GPGSGFFSRLNWLTKSGS--TYPVLNVTMPNNDNFDKLYIWGIHHPSTNQEQTSLYVQASGRVTVSTRRSQQTIIPNIGSRPWVRGLSSRISIYWTIVKPGDVLVINSNGNLIAPRGYFKM--RTGKSSIMRSDAPI-DTCISECITPNGSIPNDKPFQNVNKITYGACPKYVKQNTLKLATGMRNVP--
1mql,A,H3N8,avian,Ukraine,1963,3,8,TATLCLGHHAVPNGTIVKTITDDQIEVTNATELVQSSSTGKICNN-PHRILDGRACTLIDALLGDPHCDVFQNE-TWDLFVERSNAFS-NCYPYDIPDYASLRSLVASSGTLEFITEG---FTW-T-GVTQNGGSSACKR-GPANGFFSRLNWLTKSES--AYPVLNVTMPNNDNFDKLYIWGVHHPSTNQEQTNLYVQASGRVTVSTRRSQQTIIPNIGSRPWVRGQPGRISIYWTIVKPGDVLVINSNGNLIAPRGYFKM--RTGKSSIMRSDAPI-DTCISECITPNGSIPNDKPFQNVNKITYGACPKYVKQNTLKLATGMRNVP--
1mqm,A,H3N8,avian,Ukraine,1963,3,8,TATLCLGHHAVPNGTIVKTITDDQIEVTNATELVQSSSTGKICNN-PHRILDGRACTLIDALLGDPHCDVFQNE-TWDLFVERSNAFS-NCYPYDIPDYASLRSLVASSGTLEFITEG---FTW-T-GVTQNGGSSACKR-GPANGFFSRLNWLTKSES--AYPVLNVTMPNNDNFDKLYIWGVHHPSTNQEQTNLYVQASGRVTVSTRRSQQTIIPNIGSRPWVRGQPGRISIYWTIVKPGDVLVINSNGNLIAPRGYFKM--RTGKSSIMRSDAPI-DTCISECITPNGSIPNDKPFQNVNKITYGACPKYVKQNTLKLATGMRNVP--
1mqn,A,H3N8,avian,Ukraine,1963,3,8,TATLCLGHHAVPNGTIVKTITDDQIEVTNATELVQSSSTGKICNN-PHRILDGRACTLIDALLGDPHCDVFQNE-TWDLFVERSNAFS-NCYPYDIPDYASLRSLVASSGTLEFITEG---FTW-T-GVTQNGGSSACKR-GPANGFFSRLNWLTKSES--AYPVLNVTMPNNDNFDKLYIWGVHHPSTNQEQTNLYVQASGRVTVSTRRSQQTIIPNIGSRPWVRGQPGRISIYWTIVKPGDVLVINSNGNLIAPRGYFKM--RTGKSSIMRSDAPI-DTCISECITPNGSIPNDKPFQNVNKITYGACPKYVKQNTLKLATGMRNVP--
1qfu,A,H3N2,human,Aichi,1968,3,2,TATLCLGHHAVPNGTLVKTITDDQIEVTNATELVQSSSTGKICNN-PHRILDGIDCTLIDALLGDPHCDVFQNE-TWDLFVERSKAFS-NCYPYDVPDYASLRSLVASSGTLEFITEG---FTW-T-GVTQNGGSNACKR-GPGSGFFSRLNWLTKSGS--TYPVLNVTMPNNDNFDKLYIWGIHHPSTNQEQTSLYVQASGRVTVSTRRSQQTIIPNIGSRPWVRGLSSRISIYWTIVKPGDVLVINSNGNLIAPRGYFKM--RTGKSSIMRSDAPI-DTCISECITPNGSIPNDKPFQNVNKITYGACPKYVKQNTLKLATGMRNVP--
1rd8,A,H1N1,human,BrevigMission,1918,1,1,EDTICIGYHANNSTDTVDTVLEKNVTVTHSVNLLEDSHNGKLCKLKGIAPLQLGKCNIAGWLLGNPECDLLLTASSWSYIVETSNSENGTCYPGDFIDYEELREQLSSVSSFEKFEIFPKTSSW-PNHETTKGVTAACSY-AGASSFYRNLLWLTKKGS--SYPKLSKSYVNNKGKEVLVLWGVHHPPTGTDQQSLYQNADAYVSVGSSKYNRRFTPEIAARPKVRDQAGRMNYYWTLLEPGDTITFEATGNLIAPWYAFALN-RGSGSGIITSDAPV-HDCNTKCQTPHGAINSSLPFQNIHPVTIGECPKYVRSTKLRMATGLRNIP--
1ru7,A,H1N1,human,PuertoRico,1934,1,1,-DTICIGYHANNSTDTVDTVLEKNVTVTHSVNLLEDSHNGKLCRLKGIAPLQLGKCNIAGWLLGNPECDPLLPVRSWSYIVETPNSENGICYPGDFIDYEELREQLSSVSSFERFEIFPKESSW-PNHNT-NGVTAACSH-EGKSSFYRNLLWLTEKEG--SYPKLKNSYVNKKGKEVLVLWGIHHPPNSKEQQNLYQNENAYVSVVTSNYNRRFTPEIAERPKVRDQAGRMNYYWTLLKPGDTIIFEANGNLIAPMYAFALR-RGFGSGIITSNASM-HECNTKCQTPLGAINSSLPYQNIHPVTIGECPKYVRSAKLRMVTGLRNIP--
1rvt,A,H1N1,swine,St-Hyacinthe,1990,1,1,-DTLCIGYHANNSTDTVDTVLEKNVTVTHSVNLLEDSHNGKLCRLGGIAPLQLGKCNIAGWLLGNPECDLLLTVSSWSYIVETSNSDNGTCYPGDFIDYEELREQLSSVSSFEKFEIFPKTSSW-PNHETTRGVTAACPY-AGASSFYRNLLWLVKKGN--SYPKLSKSYVNNKGKEVLVLWGVHHPPTSTDQQSLYQNADAYVSVGSSKYDRRFTPEIAARPKVRGQAGRMNYYWTLLEPGDTITFEATGNLVAPRYAFALN-RGSGSGIITSDAPV-HDCDTKCQTPHGAINSSLPFQNIHPVTIGECPKYVKSTKLRMATGLRNIP--
1rvx,A,H1N1,human,PuertoRico,1934,1,1,-DTICIGYHANNSTDTVDTVLEKNVTVTHSVNLLEDSHNGKLCRLKGIAPLQLGKCNIAGWLLGNPECDPLLPVRSWSYIVETPNSENGICYPGDFIDYEELREQLSSVSSFERFEIFPKESSW-PNHNT-NGVTAACSH-EGKSSFYRNLLWLTEKEG--SYPKLKNSYVNKKGKEVLVLWGIHHPPNSKEQQNLYQNENAYVSVVTSNYNRRFTPEIAERPKVRDQAGRMNYYWTLLKPGDTIIFEANGNLIAPMYAFALR-RGFGSGIITSNASM-HECNTKCQTPLGAINSSLPYQNIHPVTIGECPKYVRSAKLRMVTGLRNIP--
1rvz,A,H1N1,human,PuertoRico,1934,1,1,-DTICIGYHANNSTDTVDTVLEKNVTVTHSVNLLEDSHNGKLCRLKGIAPLQLGKCNIAGWLLGNPECDPLLPVRSWSYIVETPNSENGICYPGDFIDYEELREQLSSVSSFERFEIFPKESSW-PNHNT-NGVTAACSH-EGKSSFYRNLLWLTEKEG--SYPKLKNSYVNKKGKEVLVLWGIHHPPNSKEQQNLYQNENAYVSVVTSNYNRRFTPEIAERPKVRDQAGRMNYYWTLLKPGDTIIFEANGNLIAPMYAFALR-RGFGSGIITSNASM-HECNTKCQTPLGAINSSLPYQNIHPVTIGECPKYVRSAKLRMVTGLRNIP--
1ti8,A,H7N3,avian,Italy,2002,7,3,---ICLGHHAVSNGTKVNTLTERGVEVVNATETVERTNVPRICSK-GKRTVDLGQCGLLGTITGPPQCDQFLEF-SADLIIERREGSD-VCYPGKFVNEEALRQILRESGGIDKETMG---FTY-S-GIRTNGATSACRR-SG-SSFYAEMKWLLSNTDNAAFPQMTKSYKNTRKDPALIIWGIHHSGSTTEQTKLYGSGNKLITVGSSNYQQSFVPSPGARPQVNGQSGRIDFHWLMLNPNDTVTFSFNGAFIAPDRASFL---RGKSMGIQSSVQVDANCEGDCYHSGGTIISNLPFQNINSRAVGKCPRYVKQESLMLATGMKNVP--
2fk0,A,H5N1,avian,Vietnam,2003,5,1,GDQICIGYHANNSTEQVDTIMEKNVTVTHAQDILEKKHNGKLCDLDGVKPLILRDCSVAGWLLGNPMCDEFINVPEWSYIVEKANPVNDLCYPGDFNDYEELKHLLSRINHFEKIQIIPK-SSW-SSHEASLGVSSACPY-QGKSSFFRNVVWLIKKNS--TYPTIKRSYNNTNQEDLLVLWGIHHPNDAAEQTKLYQNPTTYISVGTSTLNQRLVPRIATRSKVNGQSGRMEFFWTILKPNDAINFESNGNFIAPEYAYKIV-KKGDSTIMKSELEY-GNCNTKCQTPMGAINSSMPFHNIHPLTIGECPKYVKSNRLVLATGLRNSP--
2hmg,A,H3N2,human,Aichi,1968,3,2,TATLCLGHHAVPNGTLVKTITDDQIEVTNATELVQSSSTGKICNN-PHRILDGIDCTLIDALLGDPHCDVFQNE-TWDLFVERSKAFS-NCYPYDVPDYASLRSLVASSGTLEFITEG---FTW-T-GVTQNGGSNACKR-GPGSDFFSRLNWLTKSGS--TYPVLNVTMPNNDNFDKLYIWGIHHPSTNQEQTSLYVQASGRVTVSTRRSQQTIIPNIGSRPWVRGLSSRISIYWTIVKPGDVLVINSNGNLIAPRGYFKM--RTGKSSIMRSDAPI-DTCISECITPNGSIPNDKPFQNVNKITYGACPKYVKQNTLKLATGMRNVP--
2ibx,A,H5N1,avian,Thailand,2004,5,1,-DQICIGYHANNSTEQVDTIMEKNVTVTHAQDILEKTHNGKLCDLDGVKPLILRDCSVAGWLLGNPMCDEFINVPEWSYIVEKANPVNDLCYPGDFNDYEELKHLLSRINHFEKIQIIPK-SSW-SSHEASLGVSSACPY-QGKSSFFRNVVWLIKKNS--TYPTIKRSYNNTNQEDLLVLWGIHHPNDAAEQTKLYQNPTTYISVGTSTLNQRLVPRIATRSKVNGQSGRMEFFWTILKPNDAINFESNGNFIAPEYAYKIV-KKGDSTIMKSELEY-GNCNTKCQTPMGAINSSMPFHNIHPLTIGECPKYVKSNRLVLATGLRNSP--
2viu,A,H3N2,human,Aichi,1968,3,2,TATLCLGHHAVPNGTLVKTITDDQIEVTNATELVQSSSTGKICNN-PHRILDGIDCTLIDALLGDPHCDVFQNE-TWDLFVERSKAFS-NCYPYDVPDYASLRSLVASSGTLEFITEG---FTW-T-GVIQNGGSNACKR-GPGSGFFSRLNWLTKSGS--TYPVLNVTMPNNDNFDKLYIWGIHHPSTNQEQTSLYVQASGRVTVSTRRSQQTIIPNIGSRPWVRGLSSRISIYWTIVKPGDVLVINSNGNLIAPRGYFKM--RTGKSSIMRSDAPI-DTCISECITPNGSIPNDKPFQNVNKITYGACPKYVKQNTLKLATGMRNVP--
2wr0,A,H2Nx,human,Asia,1957,2,,-DQICIGYHANNSTEKVDTILERNVTVTHAKDILEKTHNGKLCRLSGIPPLELGDCSIAGWLLGNPECDRLLSVPEWSYIVEKENPVNGLCYPGSFNDYEELKHLITSVTHFEKVKILPR-DQW-TQHTTT-GGSRACAV-LDNPSFFRNMVWLTKKGS--NYPIAKRSYNNTSGEQMLIIWGIHHPNDDAEQRTLYQNVGTYVSVGTSTLNKRSIPEIATRPKVNGQGGRMEFSWTLLETWDVINFESTGNLIAPEYGFKIS-KRGSSGIMKTEKTL-ENCETKCQTPLGAINTTLPFHNIHPLTIGECPKYVKSDRLVLATGLRNVP--
2wr1,A,H2Nx,human,Asia,1957,2,,-DQICIGYHANNSTEKVDTILERNVTVTHAKDILEKTHNGKLCRLSGIPPLELGDCSIAGWLLGNPECDRLLSVPEWSYIVEKENPVNGLCYPGSFNDYEELKHLITSVTHFEKVKILPR-DQW-TQHTTT-GGSRACAV-LDNPSFFRNMVWLTKKGS--NYPIAKRSYNNTSGEQMLIIWGIHHPNDDAEQRTLYQNVGTYVSVGTSTLNKRSIPEIATRPKVNGQGGRMEFSWTLLETWDVINFESTGNLIAPEYGFKIS-KRGSSGIMKTEKTL-ENCETKCQTPLGAINTTLPFHNIHPLTIGECPKYVKSDRLVLATGLRNVP--
2wr2,A,H2Nx,human,Asia,1957,2,,-DQICIGYHANNSTEKVDTILERNVTVTHAKDILEKTHNGKLCRLSGIPPLELGDCSIAGWLLGNPECDRLLSVPEWSYIVEKENPVNGLCYPGSFNDYEELKHLITSVTHFEKVKILPR-DQW-TQHTTT-GGSRACAV-LDNPSFFRNMVWLTKKGS--NYPIAKRSYNNTSGEQMLIIWGIHHPNDDAEQRTLYQNVGTYVSVGTSTLNKRSIPEIATRPKVNGQGGRMEFSWTLLETWDVINFESTGNLIAPEYGFKIS-KRGSSGIMKTEKTL-ENCETKCQTPLGAINTTLPFHNIHPLTIGECPKYVKSDRLVLATGLRNVP--
2wr4,A,H2Nx,avian,Ontario,1957,2,,--QICIGYHANNSTEKVDTILERNVTVTHAKDILEKTHNGKLCRLSGIPPLELGDCSIAGWLLGNPECDRLLSVPEWSYIVEKENPTNGLCYPGSFNDYEELKHLLTSVTHFEKIKILPR-DQW-TQHTTT-GGSRACAV-SGNPSFFRNMV-LTKKGS--NYPVAKRSYNNTSGEQMLIIWGIHYPNDDTEQRTLYQNVGTYVSVGTSTLNKRSIPEIATRPKVNGQGGRMEFSWTLLETWDVINFESTGNLIAPEYGFKIS-KRGSSGIMKTEKTL-ENCETKCQTPLGAINTTLPFHNIHPLTIGECPKYVKSDRLVLATGLRNVP--
2wr5,A,H2Nx,avian,Ontario,1957,2,,--QICIGYHANNSTEKVDTILERNVTVTHAKDILEKTHNGKLCRLSGIPPLELGDCSIAGWLLGNPECDRLLSVPEWSYIVEKENPTNGLCYPGSFNDYEELKHLLTSVTHFEKIKILPR-DQW-TQHTTT-GGSRACAV--GNPSFFRNMVWLTKKGS--NYPVAKRSYNNTSGEQMLIIWGIHYPNDDTEQRTLYQNVGTYVSVGTSTLNKRSIPEIATRPKVNGQGGRMEFSWTLLETWDVINFESTGNLIAPEYGFKIS-KRGSSGIMKTEKTL-ENCETKCQTPLGAINTTLPFHNIHPLTIGECPKYVKSDRLVLATGLRNVP--
2wr7,A,H2N2,human,Singapore,1957,2,2,-----IGYHANNSTEKVDTILERNVTVTHAKDILEKTHNGKLCKLNGIPPLELGDCSIAGWLLGNPECDRLLSVPEWSYIMEKENPRDGLCYPGSFNDYEELKHLLSSVKHFEKVKILPK-DRW-TQHTTT-GGSRACAV-SGNPSFFRNMV-LTEKGS--NYPVAKGSYNNTSGEQMLIIWGVHHPNDETEQRTLYQNVGTYVSVGTSTLNKRSTPDIATRPKVNGLGSRMEFSWTLLDMWDTINFESTGNLIAPEYGFKIS-KRGSSGIMKTEGTL-ENCETKCQTPLGAINTTLPFHNVHPLTIGECPKYVKSEKLVLATGLRNVP--
2wrb,A,H2N2,human,Singapore,1957,2,2,-----IGYHANNSTEKVDTILERNVTVTHAKDILEKTHNGKLCKLNGIPPLELGDCSIAGWLLGNPECDRLLSVPEWSYIMEKENPRDGLCYPGSFNDYEELKHLLSSVKHFEKVKILPK-DRW-TQHTTT-GGSRACAV-SGNPSFFRNMVWLTEKGS--NYPVAKGSYNNTSGEQMLIIWGVHHPNDETEQRTLYQNVGTYVSVGTSTLNKRSTPDIATRPKVNGLGSRMEFSWTLLDMWDTINFESTGNLIAPEYGFKIS-KRGSSGIMKTEGTL-ENCETKCQTPLGAINTTLPFHNVHPLTIGECPKYVKSEKLVLATGLRNVP--
2wrc,A,H2N2,human,Singapore,1957,2,2,-----IGYHANNSTEKVDTILERNVTVTHAKDILEKTHNGKLCKLNGIPPLELGDCSIAGWLLGNPECDRLLSVPEWSYIMEKENPRDGLCYPGSFNDYEELKHLLSSVKHFEKVKILPK-DRW-TQHTTT-GGSRACAV-SGNPSFFRNMVWLTEKGS--NYPVAKGSYNNTSGEQMLIIWGVHHPNDETEQRTLYQNVGTYVSVGTSTLNKRSTPDIATRPKVNGLGSRMEFSWTLLDMWDTINFESTGNLIAPEYGFKIS-KRGSSGIMKTEGTL-ENCETKCQTPLGAINTTLPFHNVHPLTIGECPKYVKSEKLVLATGLRNVP--
2wrd,A,H2N2,human,Japan,1957,2,2,----CIGYHANNSTEKVDTILERNVTVTHAKDILEKTHNGKLCKLNGIPPLELGDCSIAGWLLGNPECDRLLSVPEWSYIMEKENPRDGLCYPGSFNDYEELKHLLSSVKHFEKVKILPK-DRW-TQHTTT-GGSRACAV-SGNPSFFRNMVWLTKKGS--NYPVAKGSYNNTSGEQMLIIWGVHHPIDEKEQRTLYQNVGTYVSVGTSTLNKRSTPEIATRPKVNGLGSRMEFSWTLLDMWDTINFESTGNLIAPEYGFKIS-KRGSSGIMKTEGTL-ENCETKCQTPLGAINTTLPFHNVHPLTIGECPKYVKSEKLVLATGLRNVP--
2wre,A,H2N2,human,Japan,1957,2,2,----CIGYHANNSTEKVDTILERNVTVTHAKDILEKTHNGKLCKLNGIPPLELGDCSIAGWLLGNPECDRLLSVPEWSYIMEKENPRDGLCYPGSFNDYEELKHLLSSVKHFEKVKILPK-DRW-TQHTTT-GGSQACAV-SGNPSFFRNMV-LTKKGS--NYPVAKGSYNNTSGEQMLIIWGVHHPIDEKEQRTLYQNVGTYVSVGTSTLNKRSTPEIATRPKVNGLGSRMEFSWTLLDMWDTINFESTGNLIAPEYGFKIS-KRGSSGIMKTEGTL-ENCETKCQTPLGAINTTLPFHNVHPLTIGECPKYVKSEKLVLATGLRNVP--
2wrf,A,H2N2,avian,Potsdam,1984,2,2,---ICVGYHSNNSTEKVDTILERNVTVTHAQDILEKTHNGKLCKLNGIPPLELGDCSIAGWLLGNPECDRLLTVPEWSYIMEKENPRNGLCYPGSFNDYEELKHLISSVTHFEKVKILPK-DRW-TQHTTT-GGSQGCAV-FDNPSFFRNMVWLTKKGS--NYPVAKGSYNNTSGEQMLIIWGVHHPNDETEQRTLYQNVGAYVSVGTSTLNKRSLPEIATRPEVNGQGGRMEFSWTILDIWDTINFESTGNLIAPEYGFKIS-KRGSSGIMKTEGTL-ENCETKCQTPLGAINTTLPFHNIHPLTIGECPKYVKSERLVLATGLRNVP--
2wrg,A,H1N1,human,BrevigMission,1918,1,1,-DTICIGYHANNSTDTVDTVLEKNVTVTHSVNLLEDSHNGKLCKLKGIAPLQLGKCNIAGWLLGNPECDLLLTASSWSYIVETSNSENGTCYPGDFIDYEELREQLSSVSSFEKFEIFPKTSSW-PNHETTKGVTAACSY-AGASSFYRNLLWLTKKGS--SYPKLSKSYVNNKGKEVLVLWGVHHPPTGTDQQSLYQNADAYVSVGSSKYNRRFTPEIAARPKVRDQAGRMNYYWTLLEPGDTITFEATGNLIAPWYAFALN-RGSGSGIITSDAPV-HDCNTKCQTPHGAINSSLPFQNIHPVTIGECPKYVRSTKLRMATGLRNIPSR
2wrh,A,H1N1,avian,Alberta,1976,1,1,-DTICVGYHANNSTDTVDTVLEKNVTVTHSVNLLEDSHNGKLCSL-GIAPLQLGKCNVAGWLLGNPECDLLLTANSWSYIIETSNSENGTCYPGEFIDYEELREQLSSVSSFEKFEIFPKASSW-PNHET-KGVTAACSY-SGASSFYRNLLWITKKGT--SYPKLSKSYTNNKGKEVLVLWGVHHPPSVSEQQSLYQNADAYVSVGSSKYNRRFAPEIAARPKVRGQAGRMNYYWTLLDQGDTITFEATGNLIAPWYAFALN-KGSDSGIITSDAPV-HNCDTRCQTPHGALNSSLPFQNVHPITIGECPKYVKSTKLRMATGLRNVP--
2yp2,A,H3N2,human,Finland,2004 ,3,2,TATLCLGHHAVPNGTIVKTITNDQIEVTNATELVQSSSTGGICDS-PHQILDGENCTLIDALLGDPQCDGFQNK-KWDLFVERSKAYS-NCYPYDVPDYASLRSLVASSGTLEFNNES---FNW-T-GVTQNGTSSACKR-RSNNSFFSRLNWLTHLKF--KYPALNVTMPNNEKFDKLYIWGVHHPGTDNDQISLYAQASGRITVSTKRSQQTVIPNIGSRPRVRDIPSRISIYWTIVKPGDILLINSTGNLIAPRGYFKI--RSGKSSIMRSDAPI-GKCNSECITPNGSIPNDKPFQNVNRITYGACPRYVKQNTLKLATGMRNVP--
2yp3,A,H3N2,human,finland,2014,3,2,TATLCLGHHAVPNGTIVKTITNDQIEVTNATELVQSSSTGGICDS-PHQILDGENCTLIDALLGDPQCDGFQNK-KWDLFVERSKAYS-NCYPYDVPDYASLRSLVASSGTLEFNNES---FNW-T-GVTQNGTSSACKR-RSNNSFFSRLNWLTHLKF--KYPALNVTMPNNEKFDKLYIWGVHHPGTDNDQISLYAQASGRITVSTKRSQQTVIPNIGSRPRVRDIPSRISIYWTIVKPGDILLINSTGNLIAPRGYFKI--RSGKSSIMRSDAPI-GKCNSECITPNGSIPNDKPFQNVNRITYGACPRYVKQNTLKLATGMRNVP--
2yp4,A,H3N2,human,Finland,2004,3,2,TATLCLGHHAVPNGTIVKTITNDQIEVTNATELVQSSSTGGICDS-PHQILDGENCTLIDALLGDPQCDGFQNK-KWDLFVERSKAYS-NCYPYDVPDYASLRSLVASSGTLEFNNES---FNW-T-GVTQNGTSSACKR-RSNNSFFSRLNWLTHLKF--KYPALNVTMPNNEKFDKLYIWGVHHPGTDNDQISLYAQASGRITVSTKRSQQTVIPNIGSRPRVRDIPSRISIYWTIVKPGDILLINSTGNLIAPRGYFKI--RSGKSSIMRSDAPI-GKCNSECITPNGSIPNDKPFQNVNRITYGACPRYVKQNTLKLATGMRNVP--
2yp5,A,H3N2,human,Finland,2004,3,2,TATLCLGHHAVPNGTIVKTITNDQIEVTNATELVQSSSTGGICDS-PHQILDGENCTLIDALLGDPQCDGFQNK-KWDLFVERSKAYS-NCYPYDVPDYASLRSLVASSGTLEFNNES---FNW-T-GVTQNGTSSACKR-RSNNSFFSRLNWLTHLKF--KYPALNVTMPNNEKFDKLYIWGVHHPGTDNDQISLYAQASGRITVSTKRSQQTVIPNIGSRPRVRDIPSRISIYWTIVKPGDILLINSTGNLIAPRGYFKI--RSGKSSIMRSDAPI-GKCNSECITPNGSIPNDKPFQNVNRITYGACPRYVKQNTLKLATGMRNVP--
2yp7,A,H3N2,human,Malaysia,2005,3,2,TATLCLGHHAVPNGTIVKTITNDQIEVTNATELVQSSSTGGICDS-PHQILDGENCTLIDALLGDPQCDGFQNK-KWDLFVERSKAYS-NCYPYDVPDYASLRSLVASSGTLEFNNES---FNW-T-GVTQNGTSSACKR-KSNNSFFSRLNWLTHLKF--KYPALNVTMPNNEKFDKLYIWGVHHPGTDNDQIFLYAQASGRITVSTKRSQQTVIPNIGSRPRVRNIPSRISIYWTIVKPGDILLINSTGNLIAPRGYFKI--RSGKSSIMRSDAPI-GKCNSECITPNGSIPNDKPFQNVNRITYGACPRYVKQNTLKLATGMRNVP--
2yp8,A,H3N2,human,Malaysia,2005,3,2,TATLCLGHHAVPNGTIVKTITNDQIEVTNATELVQSSSTGGICDS-PHQILDGENCTLIDALLGDPQCDGFQNK-KWDLFVERSKAYS-NCYPYDVPDYASLRSLVASSGTLEFNNES---FNW-T-GVTQNGTSSACKR-KSNNSFFSRLNWLTHLKF--KYPALNVTMPNNEKFDKLYIWGVHHPGTDNDQIFLYAQASGRITVSTKRSQQTVIPNIGSRPRVRNIPSRISIYWTIVKPGDILLINSTGNLIAPRGYFKI--RSGKSSIMRSDAPI-GKCNSECITPNGSIPNDKPFQNVNRITYGACPRYVKQNTLKLATGMRNVP--
2yp9,A,H3N2,human,Malaysia,2005,3,2,TATLCLGHHAVPNGTIVKTITNDQIEVTNATELVQSSSTGGICDS-PHQILDGENCTLIDALLGDPQCDGFQNK-KWDLFVERSKAYS-NCYPYDVPDYASLRSLVASSGTLEFNNES---FNW-T-GVTQNGTSSACKR-KSNNSFFSRLNWLTHLKF--KYPALNVTMPNNEKFDKLYIWGVHHPGTDNDQIFLYAQASGRITVSTKRSQQTVIPNIGSRPRVRNIPSRISIYWTIVKPGDILLINSTGNLIAPRGYFKI--RSGKSSIMRSDAPI-GKCNSECITPNGSIPNDKPFQNVNRITYGACPRYVKQNTLKLATGMRNVP--
2ypg,A,H3N2,human,Aichi,1968,3,2,TATLCLGHHAVPNGTLVKTITDDQIEVTNATELVQSSSTGKICNN-PHRILDGIDCTLIDALLGDPHCDVFQNE-TWDLFVERSKAFS-NCYPYDVPDYASLRSLVASSGTLEFITEG---FTW-T-GVTQNGGSNACKR-GPGSGFFSRLNWLTKSGS--TYPVLNVTMPNNDNFDKLYIWGIHHPSTNQEQTSLYVQASGRVTVSTRRSQQTIIPNIGSRPWVRGLSSRISIYWTIVKPGDVLVINSNGNLIAPRGYFKM--RTGKSSIMRSDAPI-DTCISECITPNGSIPNDKPFQNVNKITYGACPKYVKQNTLKLATGMRNVP--
3al4,A,H1N1,human,California,2009,1,1,-DTLCIGYHANNSTDTVDTVLEKNVTVTHSVNLLEDKHNGKLCKLRGVAPLHLGKCNIAGWILGNPECESLSTASSWSYIVETPSSDNGTCYPGDFIDYEELREQLSSVSSFERFEIFPKTSSW-PNHDSNKGVTAACPH-AGAKSFYKNLIWLVKKGN--SYPKLSKSYINDKGKEVLVLWGIHHPSTSADQQSLYQNADTYVFVGSSRYSKKFKPEIAIRPKVRDQEGRMNYYWTLVEPGDKITFEATGNLVVPRYAFAME-RNAGSGIIISDTPV-HDCNTTCQTPKGAINTSLPFQNIHPITIGKCPKYVKSTKLRLATGLRNI---
3eyj,A,H14N6,avian,Astrakhan,1982,14,6,NPIICLGHHAVENGTSVKTLTDNHVEVVSAKELVETKHTDELCPS-PLKLVDGQDCDLINGALGSPGCDRLQDT-TWDVFIERPTAVD-TCYPFDVPDYQSLRSILASSGSLEFIAEQ---FTW-N-GVKVDGSSSACLR-GGRNSFFSRLNWLTKATN-GNYGPINVTKENTGSYVRLYLWGVHHPSSDNEQTDLYKVATGRVTVSTRSDQISIVPNIGSRPRVRNQSGRISIYWTLVNPGDSIIFNSIGNLIAPRGHYKIS-KSTKSTVLKSDKRI-GSCTSPCLTDKGSIQSDKPFQNVSRIAIGNCPKYVKQGSLMLATGMRNIP--
3eyk,A,H14N6,avian,Astrakhan,1982,14,6,NPIICLGHHAVENGTSVKTLTDNHVEVVSAKELVETKHTDELCPS-PLKLVDGQDCDLINGALGSPGCDRLQDT-TWDVFIERPTAVD-TCYPFDVPDYQSLRSILASSGSLEFIAEQ---FTW-N-GVKVDGSSSACLR-GGRNSFFSRLNWLTKATN-GNYGPINVTKENTGSYVRLYLWGVHHPSSDNEQTDLYKVATGRVTVSTRSDQISIVPNIGSRPRVRNQSGRISIYWTLVNPGDSIIFNSIGNLIAPRGHYKIS-KSTKSTVLKSDKRI-GSCTSPCLTDKGSIQSDKPFQNVSRIAIGNCPKYVKQGSLMLATGMRNIP--
3eym,A,H3N2,human,Aichi,1968,3,2,TATLCLGHHAVPNGTLVKTITDDQIEVTNATELVQSSSTGKICNN-PHRILDGIDCTLIDALLGDPHCDVFQNE-TWDLFVERSKAFS-NCYPYDVPDYASLRSLVASSGTLEFITEG---FTW-T-GVTQNGGSNACKR-GPGSGFFSRLNWLTKSGS--TYPVLNVTMPNNDNFDKLYIWGIHHPSTNQEQTSLYVQASGRVTVSTRRSQQTIIPNIGSRPWVRGLSSRISIYWTIVKPGDVLVINSNGNLIAPRGYFKM--RTGKSSIMRSDAPI-DTCISECITPNGSIPNDKPFQNVNKITYGACPKYVKQNTLKLATGMRNVP--
3fku,A,H5N1,human,HongKong,2003,5,1,EDQICIGYHANNSTEQVDTIMEKNVTVTHAQDILEKKHNGKLCDLDGVKPLILRDCSVAGWLLGNPMCDEFINVPEWSYIVEKANPVNDLCYPGDFNDYEELKHLLSRINHFEKIQIIPK-SSW-SSHEASLGVSSACPY-QGKSSFFRNVVWLIKKNS--TYPTIKRSYNNTNQEDLLVLWGIHHPNDAAEQTKLYQNPTTYISVGTSTLNQRLVPRIATRSKVNGQSGRMEFFWTILKPNDAINFESNGNFIAPEYAYKIV-KKGDSTIMKSELEY-GNCNTKCQTPMGAINSSMPFHNIHPLTIGECPKYVKSNRLVLATGLRNSP--
3gbm,A,H5N1,human,VietNam,2004,5,1,GDQICIGYHANNSTEQVDTIMEKNVTVTHAQDILEKKHNGKLCDLDGVKPLILRDCSVAGWLLGNPMCDEFINVPEWSYIVEKANPVNDLCYPGDFNDYEELKHLLSRINHFEKIQIIPK-SSW-SSHEASLGVSSACPY-QGKSSFFRNVVWLIKKNS--TYPTIKRSYNNTNQEDLLVLWGIHHPNDAAEQTKLYQNPTTYISVGTSTLNQRLVPRIATRSKVNGQSGRMEFFWTILKPNDAINFESNGNFIAPEYAYKIV-KKGDSTIMKSELEY-GNCNTKCQTPMGAINSSMPFHNIHPLTIGECPKYVKSNRLVLATGLRNSP--
3gbn,A,H1N1,human,BrevigMission,1918,1,1,GDTICIGYHANNSTDTVDTVLEKNVTVTHSVNLLEDSHNGKLCKLKGIAPLQLGKCNIAGWLLGNPECDLLLTASSWSYIVETSNSENGTCYPGDFIDYEELREQLSSVSSFEKFEIFPKTSSW-PNHETTKGVTAACSY-AGASSFYRNLLWLTKKGS--SYPKLSKSYVNNKGKEVLVLWGVHHPPTGTDQQSLYQNADAYVSVGSSKYNRRFTPEIAARPKVRDQAGRMNYYWTLLEPGDTITFEATGNLIAPWYAFALN-RGSGSGIITSDAPV-HDCNTKCQTPHGAINSSLPFQNIHPVTIGECPKYVRSTKLRMATGLRNIP--
3hmg,A,H3N2,human,Aichi,1968,3,2,TATLCLGHHAVPNGTLVKTITDDQIEVTNATELVQSSSTGKICNN-PHRILDGIDCTLIDALLGDPHCDVFQNE-TWDLFVERSKAFS-NCYPYDVPDYASLRSLVASSGTLEFITEG---FTW-T-GVTQNGGSNACKR-GPGSGFFSRLNWLTKSGS--TYPVLNVTMPNNDNFDKLYIWGIHHPSTNQEQTSLYVQASGRVTVSTRRSQQTIIPNIGSRPWVRGQSSRISIYWTIVKPGDVLVINSNGNLIAPRGYFKM--RTGKSSIMRSDAPI-DTCISECITPNGSIPNDKPFQNVNKITYGACPKYVKQNTLKLATGMRNVP--
3hto,A,H1N1,avian,JX,2005,1,1,-DTICIGYHANNSTDTVDTVLEKNVTVTHSVNLLEDNHNGKLCKLNGIAPLQLGKCNVAGWLLGNPECDLLLTANSWSYIIETSNSENGTCYPGEFIDYEELREQLSSVSSFERFEIFPKASSW-PNHETTKGVTAACSY-FGASSFYRNLLWITKKGT--SYPKLSKSYTNNKGKEVLVLWGVHHPPTTSEQQTLYQNTDAYVSVGSSKYNRRFTPEIAARPKVRGQAGRMNYYWTLLDQGDTITFEATGNLIAPWYAFALN-KGSDSGIITSDAPV-HNCDTKCQTPHGAINSTLPFQNVHPITIGECPKYVKSTKLRMATGLRNIP--
3htp,A,H1N1,avian,JX,2005,1,1,-DTICIGYHANNSTDTVDTVLEKNVTVTHSVNLLEDNHNGKLCKLNGIAPLQLGKCNVAGWLLGNPECDLLLTANSWSYIIETSNSENGTCYPGEFIDYEELREQLSSVSSFERFEIFPKASSW-PNHETTKGVTAACSY-FGASSFYRNLLWITKKGT--SYPKLSKSYTNNKGKEVLVLWGVHHPPTTSEQQTLYQNTDAYVSVGSSKYNRRFTPEIAARPKVRGQAGRMNYYWTLLDQGDTITFEATGNLIAPWYAFALN-KGSDSGIITSDAPV-HNCDTKCQTPHGAINSTLPFQNVHPITIGECPKYVKSTKLRMATGLRNIP--
3htq,A,H1N1,avian,JX,2005,1,1,-DTICIGYHANNSTDTVDTVLEKNVTVTHSVNLLEDNHNGKLCKLNGIAPLQLGKCNVAGWLLGNPECDLLLTANSWSYIIETSNSENGTCYPGEFIDYEELREQLSSVSSFERFEIFPKASSW-PNHETTKGVTAACSY-FGASSFYRNLLWITKKGT--SYPKLSKSYTNNKGKEVLVLWGVHHPPTTSEQQTLYQNTDAYVSVGSSKYNRRFTPEIAARPKVRGQAGRMNYYWTLLDQGDTITFEATGNLIAPWYAFALN-KGSDSGIITSDAPV-HNCDTKCQTPHGAINSTLPFQNVHPITIGECPKYVKSTKLRMATGLRNIP--
3htt,A,H1N1,avian,JX,2005,1,1,-DTICIGYHANNSTDTVDTVLEKNVTVTHSVNLLEDNHNGKLCKLNGIAPLQLGKCNVAGWLLGNPECDLLLTANSWSYIIETSNSENGTCYPGEFIDYEELREQLSSVSSFERFEIFPKASSW-PNHETTKGVTAACSY-FGASSFYRNLLWITKKGT--SYPKLSKSYTNNKGKEVLVLWGVHHPPTTSEQQTLYQNTDAYVSVGSSKYNRRFTPEIAARPKVRGQAGRMNYYWTLLDQGDTITFEATGNLIAPWYAFALN-KGSDSGIITSDAPV-HNCDTKCQTPHGAINSTLPFQNVHPITIGECPKYVKSTKLRMATGLRNIP--
3ku3,A,H2N2,human,Japan,1957,2,2,GDQICIGYHANNSTEKVDTILERNVTVTHAKDILEKTHNGKLCKLNGIPPLELGDCSIAGWLLGNPECDRLLSVPEWSYIMEKENPRDGLCYPGSFNDYEELKHLLSSVKHFEKVKILPK-DRW-TQHTTT-GGSRACAV-SGNPSFFRNMVWLTEKGS--NYPVAKGSYNNTSGEQMLIIWGVHHPNDETEQRTLYQNVGTYVSVGTSTLNKRSTPEIATRPKVNGQGGRMEFSWTLLDMWDTINFESTGNLIAPEYGFKIS-KRGSSGIMKTEGTL-ENCETKCQTPLGAINTTLPFHNVHPLTIGECPKYVKSEKLVLATGLRNVP--
3ku5,A,H2N2,human,Japan,1957,2,2,GDQICIGYHANNSTEKVDTILERNVTVTHAKDILEKTHNGKLCKLNGIPPLELGDCSIAGWLLGNPECDRLLSVPEWSYIMEKENPRDGLCYPGSFNDYEELKHLLSSVKHFEKVKILPK-DRW-TQHTTT-GGSRACAV-SGNPSFFRNMVWLTEKGS--NYPVAKGSYNNTSGEQMLIIWGVHHPNDETEQRTLYQNVGTYVSVGTSTLNKRSTPEIATRPKVNGLGSRMEFSWTLLDMWDTINFESTGNLIAPEYGFKIS-KRGSSGIMKTEGTL-ENCETKCQTPLGAINTTLPFHNVHPLTIGECPKYVKSEKLVLATGLRNVP--
3ku6,A,H2N2,human,Japan,1957,2,2,GDQICIGYHANNSTEKVDTILERNVTVTHAKDILEKTHNGKLCKLNGIPPLELGDCSIAGWLLGNPECDRLLSVPEWSYIMEKENPRDGLCYPGSFNDYEELKHLLSSVKHFEKVKILPK-DRW-TQHTTT-GGSRACAV-SGNPSFFRNMVWLTEKGS--NYPVAKGSYNNTSGEQMLIIWGVHHPNDETEQRTLYQNVGTYVSVGTSTLNKRSTPEIATRPKVNGLGGRMEFSWTLLDMWDTINFESTGNLIAPEYGFKIS-KRGSSGIMKTEGTL-ENCETKCQTPLGAINTTLPFHNVHPLTIGECPKYVKSEKLVLATGLRNVP--
3lzf,A,H1N1,human,BrevigMission,1918,1,1,-DTICIGYHANNSTDTVDTVLEKNVTVTHSVNLLEDSHNGKLCKLKGIAPLQLGKCNIAGWLLGNPECDLLLTASSWSYIVETSNSENGTCYPGDFIDYEELREQLSSVSSFEKFEIFPKTSSW-PNHETTKGVTAACSY-AGASSFYRNLLWLTKKGS--SYPKLSKSYVNNKGKEVLVLWGVHHPPTGTDQQSLYQNADAYVSVGSSKYNRRFTPEIAARPKVRDQAGRMNYYWTLLEPGDTITFEATGNLIAPWYAFALN-RGSGSGIITSDAPV-HDCNTKCQTPHGAINSSLPFQNIHPVTIGECPKYVRSTKLRMATGLRNIP--
3lzg,A,H1N1,human,California,2009,1,1,-DTLCIGYHANNSTDTVDTVLEKNVTVTHSVNLLEDKHNGKLCKLRGVAPLHLGKCNIAGWILGNPECESLSTASSWSYIVETPSSDNGTCYPGDFIDYEELREQLSSVSSFERFEIFPKTSSW-PNHDSNKGVTAACPH-AGAKSFYKNLIWLVKKGN--SYPKLSKSYINDKGKEVLVLWGIHHPSTSADQQSLYQNADTYVFVGSSRYSKKFKPEIAIRPKVRDQEGRMNYYWTLVEPGDKITFEATGNLVVPRYAFAME-RNAGSGIIISDTPV-HDCNTTCQTPKGAINTSLPFQNIHPITIGKCPKYVKSTKLRLATGLRNIP--
3m5g,A,H7N2,avian,NewJersey,2004,7,2,GDKICLGHHAVANGTKVNTLTERGIEVVNATETVETTNIKKICTQ-GKRPTDLGQCGLLGTLIGPPQCDQFLEF-SSDLIIERREGTD-ICYPGRFTNEESLRQILRRSGGIGKESMG---FTY-S-GIRTNGATSACTR-SG-SSFYAEMKWLLSNSDNAAFPQMTKAYRNPRNKPALIIWGVHHSESVSEQTKLYGSGNKLITVRSSKYQQSFTPNPGAR--------RIDFHWLLLDPNDTVTFTFNGAFIAPDRTSFF---RGESLGVQSDAPLDSSCRGDCFHSGGTIVSSLPFQNINSRTVGKCPRYVKQKSLLLATGMRNVP--
3m5h,A,H7N2,avian,NewJersey,2004,7,2,GDKICLGHHAVANGTKVNTLTERGIEVVNATETVETTNIKKICTQ-GKRPTDLGQCGLLGTLIGPPQCDQFLEF-SSDLIIERREGTD-ICYPGRFTNEESLRQILRRSGGIGKESMG---FTY-S-GIRTNGATSACTR-SG-SSFYAEMKWLLSNSDNAAFPQMTKAYRNPRNKPALIIWGVHHSESVSEQTKLYGSGNKLITVRSSKYQQSFTPNPGAR--------RIDFHWLLLDPNDTVTFTFNGAFIAPDRTSFF---RGESLGVQSDAPLDSSCRGDCFHSGGTIVSSLPFQNINSRTVGKCPRYVKQKSLLLATGMRNVP--
3m5i,A,H7N2,avian,NewJersey,2004,7,2,GDKICLGHHAVANGTKVNTLTERGIEVVNATETVETTNIKKICTQ-GKRPTDLGQCGLLGTLIGPPQCDQFLEF-SSDLIIERREGTD-ICYPGRFTNEESLRQILRRSGGIGKESMG---FTY-S-GIRTNGATSACTR-SG-SSFYAEMKWLLSNSDNAAFPQMTKAYRNPRNKPALIIWGVHHSESVSEQTKLYGSGNKLITVRSSKYQQSFTPNPGAR--------RIDFHWLLLDPNDTVTFTFNGAFIAPDRTSFF---RGESLGVQSDAPLDSSCRGDCFHSGGTIVSSLPFQNINSRTVGKCPRYVKQKSLLLATGMRNVP--
3m5j,A,H7N2,avian,NewJersey,2004,7,2,GDKICLGHHAVANGTKVNTLTERGIEVVNATETVETTNIKKICTQ-GKRPTDLGQCGLLGTLIGPPQCDQFLEF-SSDLIIERREGTD-ICYPGRFTNEESLRQILRRSGGIGKESMG---FTY-S-GIRTNGATSACTR-SG-SSFYAEMKWLLSNSDNAAFPQMTKAYRNPRNKPALIIWGVHHSESVSEQTKLYGSGNKLITVRSSKYQQSFTPNPGAR--------RIDFHWLLLDPNDTVTFTFNGAFIAPDRTSFF---RGESLGVQSDAPLDSSCRGDCFHSGGTIVSSLPFQNINSRTVGKCPRYVKQKSLLLATGMRNVP--
3m6s,A,H1N1,human,Darwin,2009,1,1,GDTLCIGYHANNSTDTVDTVLEKNVTVTHSVNLLEDKHNGKLCKLRGVAPLHLGKCNIAGWILGNPECESLSTASSWSYIVETSSSDNGTCYPGDFIDYEELREQLSSVSSFERFEIFPKTSSW-PNHDSNKGVTAACPH-AGAKSFYKNLIWLVKKGN--SYPKLSKSYINDKGKEVLVLWGIHHPSTSADQQSLYQNADAYVFVGTSKYSKKFKPEIAIRPKVRDQEGRMNYYWTLVEPGDKITFEATGNLVVPRYAFAME-RNAGSGIIISDTPV-HDCNTTCQTPKGAINTSLPFQNIHPITIGKCPKYVKSTKLRLATGLRNVP--
3mlh,A,H1N1,human,Mexico,2009,1,1,------------------------------------------------APLHLGKCNIAGWILGNPECESLSTASSWSYIVETSSSDNGTCYPGDFIDYEELREQLSSVSSFERFEIFPKTSSW-PNHDSNKGVTAACPH-AGAKSFYKNLIWLVKKGN--SYPKLSKSYINDKGKEVLVLWGIHHPSTSADQQSLYQNADAYVFVGSSRYSKKFKPEIAIRPKVRDQEGRMNYYWTLVEPGDKITFEATGNLVVPRYAFAME-R------------------------------------------------------------------
3qqb,A,H2N2,human,Japan,1957,2,2,GDQICIGYHANNSTEKVDTILERNVTVTHAKDILEKTHNGKLCKLNGIPPLELGDCSIAGWLLGNPECDRLLSVPEWSYIMEKENPRDGLCYPGSFNDYEELKHLLSSVKHFEKVKILPK-DRW-TQHTTT-GGSRACAV-SGNPSFFRNMVWLTEKGS--NYPVAKGSYNNTSGEQMLIIWGVHHPNDETEQRTLYQNVGTYVSVGTSTLNKRSTPEIATRPKVNGQGGRMEFSWTLLDMWDTINFESTGNLIAPEYGFKIS-KRGSSGIMKTEGTL-ENCETKCQTPLGAINTTLPFHNVHPLTIGECPKYVKSEKLVLATGLRNVP--
3qqe,A,H2N2,human,Japan,1957,2,2,GDQICIGYHANNSTEKVDTILERNVTVTHAKDILEKTHNGKLCKLNGIPPLELGDCSIAGWLLGNPECDRLLSVPEWSYIMEKENPRDGLCYPGSFNDYEELKHLLSSVKHFEKVKILPK-DRW-TQHTTT-GGSRACAV-SGNPSFFRNMVWLTEKGS--NYPVAKGSYNNTSGEQMLIIWGVHHPNDETEQRTLYQNVGTYVSVGTSTLNKRSTPEIATRPKVNGQGGRMEFSWTLLDMWDTINFESTGNLIAPEYGFKIS-KRGSSGIMKTEGTL-ENCETKCQTPLGAINTTLPFHNVHPLTIGECPKYVKSEKLVLATGLRNVP--
3qqi,A,H2N2,human,Japan,1957,2,2,----------------------------------------------GIPPLELGDCSIAGWLLGNPECDRLLSVPEWSYIMEKENPRDGLCYPGSFNDYEELKHLLSSVKHFEKVKILPK-DRW-TQHTTT-GGSRACAV-SGNPSFFRNMVWLTEKGS--NYPVAKGSYNNTSGEQMLIIWGVHHPNDETEQRTLYQNVGTYVSVGTSTLNKRSTPEIATRPKVNGQGGRMEFSWTLLDMWDTINFESTGNLIAPEYGFKIS-KRGSSGIM-----------------------------------------------------------
3qqo,A,H2N2,human,Japan,1957,2,2,GDQICIGYHANNSTEKVDTILERNVTVTHAKDILEKTHNGKLCKLNGIPPLELGDCSIAGWLLGNPECDRLLSVPEWSYIMEKENPRDGLCYPGSFNDYEELKHLLSSVKHFEKVKILPK-DRW-TQHTTT-GGSRACAV-SGNPSFFRNMVWLTEKGS--NYPVAKGSYNNTSGEQMLIIWGVHHPNDETEQRTLYQNVGTYVSVGTSTLNKRSTPEIATRPKVNGQGGRMEFSWTLLDMWDTINFESTGNLIAPEYGFKIS-KRGSSGIMKTEGTL-ENCETKCQTPLGAINTTLPFHNVHPLTIGECPKYVKSEKLVLATGLRNVP--
3r2x,A,H1N1,human,BrevigMission,1918,1,1,-DTICIGYHANNSTDTVDTVLEKNVTVTHSVNLLEDSHNGKLCKLKGIAPLQLGKCNIAGWLLGNPECDLLLTASSWSYIVETSNSENGTCYPGDFIDYEELREQLSSVSSFEKFEIFPKTSSW-PNHETTKGVTAACSY-AGASSFYRNLLWLTKKGS--SYPKLSKSYVNNKGKEVLVLWGVHHPPTGTDQQSLYQNADAYVSVGSSKYNRRFTPEIAARPKVRDQAGRMNYYWTLLEPGDTITFEATGNLIAPWYAFALN-RGSGSGIITSDAPV-HDCNTKCQTPHGAINSSLPFQNIHPVTIGECPKYVRSTKLRMATGLRNIP--
3s11,A,H5N1,avian,Guangdong,1996,5,1,GDQICIGYHANNSTEQVDTIMEKNVTVTHAQDILEKTHNGKLCDLDGVKPLILRDCSVAGWLLGNPMCDEFINVPEWSYIVEKASPANDLCYPGDFNNYEELKHLLSRTNHFEKIQIIPK-SSW-SNHDASSGVSSACPY-HGKSSFFRNVVWLIKKNS--AYPTIKRSYNNTNQEDLLVLWGIHHPNDAAEQTKLYQNPTTYISVGTSTLNQRLVPEIATRPKVNGQSGRMEFFWTILKPNDAINFESNGNFIAPEYAYKIV-KKGDSAIMKSELEY-GNCNTKCQTPMGAINSSMPFHNIHPLTIGECPKYVKSNRLVLATGLRNT---
3s12,A,H5N1,avian,HongKong,2001,5,1,EDQICIGYHANNSTEQVDTIMEKNVTVTHAQDILEKTHNGKLCDLDGVKPLILRDCSVAGWLLGNPMCD---NVPEWSYIVEKASPANDLCYPGDFNDYEELKHLLSRINHFEKIQIIPK-SSW-SNHEASSGVSSACPY-LGKSSFFRNVVWLIKKNS--AYPTIKRSYNNTNQEDLLVLWGIHHPNDAAEQTKLYQNPTTYISVGTSTLNQRLVPKIATRSKVNGQSGRMEFFWTILKPNDAINFESNGNFIAPEYAYKIV-KKGDSAIMKSELEY-GNCNTKCQTPMGAINSSMPFHNIHPLTIGECPKYVKSNRLVLATGLRNT---
3s13,A,H5N1,avian,HongKong,2001,5,1,---------------------------------LEKTHNGKLCDLDGVKPLILRDCSVAGWLLGNPMCDEFINVPEWSYIVEKASPANDLCYPGDFNDYEELKHLLSRINHFEKIQIIPK-SSW-SNHEASSGVSSACPY-LGKSSFFRNVVWLIKKNS--AYPTIKRSYNNTNQEDLLVLWGIHHPNDAAEQTKLYQNPTTYISVGTSTLNQRLVPKIATRSKVNGQSGRMEFFWTILKPNDAINFESNGNFIAPEYAYKIV-KKGDSAIMKSELEY-GNCNTKCQTPMGAINSSMPFHNIHPLTIGECPKYVKSN--------------
3sdy,A,H3N2,human,HongKong,1968,3,2,GATLCLGHHAVPNGTLVKTITDDQIEVTNATELVQSSSTGKICNN-PHRILDGIDCTLIDALLGDPHCDVFQNE-TWDLFVERSKAFS-NCYPYDVPDYASLRSLVASSGTLEFITEG---FTW-T-GVTQNGGSNACKR-GPGSGFFSRLNWLTKSGS--TYPVLNVTMPNNDNFDKLYIWGVHHPSTNQEQTSLYVQASGRVTVSTRRSQQTIIPNIGSRPWVRGLSSRISIYWTIVKPGDVLVINSNGNLIAPRGYFKM--RTGKSSIMRSDAPI-DTCISECITPNGSIPNDKPFQNVNKITYGACPKYVKQNTLKLATGMRNVP--
3sm5,A,H1N1,human,SolomonIslands,2006,1,1,EDTICIGYHANNSTDTVDTVLEKNVTVTHSVNLLEDSHNGKLCLLKGIAPLQLGNCSVAGWILGNPECELLISRESWSYIVEKPNPENGTCYPGHFADYEELREQLSSVSSFERFEIFPKESSW-PNHTT-TGVSASCSH-NGESSFYKNLLWLTGKNG--LYPNLSKSYANNKEKEVLVLWGVHHPPNIGDQRALYHTENAYVSVVSSHYSRKFTPEIAKRPKVRDREGRINYYWTLLEPGDTIIFEANGNLIAPRYAFALS-RGFGSGIINSNAPM-DECDAKCQTPQGAINSSLPFQNVHPVTIGECPKYVRSAKLRMVTGLRNIP--
3ube,A,H1N1,human,California,2009,1,1,-DTLCIGYHANNSTDTVDTVLEKNVTVTHSVNLLEDKHNGKLCKLRGVAPLHLGKCNIAGWILGNPECESLSTASSWSYIVETPSSDNGTCYPGDFIDYEELREQLSSVSSFERFEIFPKTSSW-PNHDSNKGVTAACPH-AGAKSFYKNLIWLVKKGN--SYPKLSKSYINDKGKEVLVLWGIHHPSTSADQQSLYQNADTYVFVCSSRYSKKFKPEIAICPKVRDQEGRMNYYWTLVEPGDKITFEATGNLVVPRYAFAME-RNAGSGIIISDTPV-HDCNTTCQTPKGAINTSLPFQNIHPITIGKCPKYVKSTKLRLATGLRNIP--
3ubj,A,H1N1,human,California,2009,1,1,-DTLCIGYHANNSTDTVDTVLEKNVTVTHSVNLLEDKHNGKLCKLRGVAPLHLGKCNIAGWILGNPECESLSTASSWSYIVETPSSDNGTCYPGDFIDYEELREQLSSVSSFERFEIFPKTSSW-PNHDSNKGVTAACPH-AGAKSFYKNLIWLVKKGN--SYPKLSKSYINDKGKEVLVLWGIHHPSTSADQQSLYQNADTYVFVCSSRYSKKFKPEIAICPKVRDQEGRMNYYWTLVEPGDKITFEATGNLVVPRYAFAME-RNAGSGIIISDTPV-HDCNTTCQTPKGAINTSLPFQNIHPITIGKCPKYVKSTKLRLATGLRNIP--
3ubn,A,H1N1,human,California,2009,1,1,-DTLCIGYHANNSTDTVDTVLEKNVTVTHSVNLLEDKHNGKLCKLRGVAPLHLGKCNIAGWILGNPECESLSTASSWSYIVETPSSDNGTCYPGDFIDYEELREQLSSVSSFERFEIFPKTSSW-PNHDSNKGVTAACPH-AGAKSFYKNLIWLVKKGN--SYPKLSKSYINDKGKEVLVLWGIHHPSTSADQQSLYQNADTYVFVCSSRYSKKFKPEIAICPKVRDQEGRMNYYWTLVEPGDKITFEATGNLVVPRYAFAME-RNAGSGIIISDTPV-HDCNTTCQTPKGAINTSLPFQNIHPITIGKCPKYVKSTKLRLATGLRNIP--
3ubq,A,H1N1,human,California,2009,1,1,-DTLCIGYHANNSTDTVDTVLEKNVTVTHSVNLLEDKHNGKLCKLRGVAPLHLGKCNIAGWILGNPECESLSTASSWSYIVETPSSDNGTCYPGDFIDYEELREQLSSVSSFERFEIFPKTSSW-PNHDSNKGVTAACPH-AGAKSFYKNLIWLVKKGN--SYPKLSKSYINDKGKEVLVLWGIHHPSTSADQQSLYQNADTYVFVCSSRYSKKFKPEIAICPKVRDQEGRMNYYWTLVEPGDKITFEATGNLVVPRYAFAME-RNAGSGIIISDTPV-HDCNTTCQTPKGAINTSLPFQNIHPITIGKCPKYVKSTKLRLATGLRNIP--
3uyw,A,H1N1,human,California,2009,1,1,------------------------------------------------APLHLGKCNIAGWILGNPECESLSTASSWSYIVETPSSDNGTCYPGDFIDYEELREQLSSVSSFERFEIFPKTSSW-PNHDSNKGVTAACPH-AGAKSFYKNLIWLVKKGN--SYPKLSKSYINDKGKEVLVLWGIHHPSTSADQQSLYQNADTYVFVGSSRYSKKFKPEIAIRPKVRDQEGRMNYYWTLVEPGDKITFEATGNLVVPRYAFAME-RNA----------------------------------------------------------------
3uyx,A,H1N1,human,California,2009,1,1,------------------------------------------------APLHLGKCNIAGWILGNPECESLSTASSWSYIVETPSSDNGTCYPGDFIDYEELREQLSSVSSFERFEIFPKTSSW-PNHDSNKGVTAACPH-AGAKSFYKNLIWLVKKGN--SYPKLSKSYINDKGKEVLVLWGIHHPSTSADQQSLYQNADTYVFVGSSRYSKKFKPEIAIRPKVRGQEGRMNYYWTLVEPGDKITFEATGNLVVPRYAFAME-R------------------------------------------------------------------
3vun,A,H3N2,human,Aichi,1968,3,2,TATLCLGHHAVPNGTLVKTITDDQIEVTNATELVQSSSTGKICNN-PHRILDGIDCTLIDALLGDPHCDVFQNE-TWDLFVERSKAFS-NCYPYDVPDYASLRSLVASSGTLEFITEG---FTW-T-GVTQNGGSNACKR-GPSSGFFSRLNWLTKSGS--TYPVLNVTMPNNDNFDKLYIWGVHHPSTNQEQTSLYVQASGRVTVSTRRSQQTIIPNIGSRPWVRGLSSRISIYWTIVKPGDVLVINSNGNLIAPRGYFKM--RTGKSSIMRSDAPI-DTCISECITPNGSIPNDKPFQNVNKITYGACPKYVKQNTLKLATGMRNVP--
3znk,A,H5N1,human,Vietnam,2004,5,1,-DQICIGYHANNSTEQVDTIMEKNVTVTHAQDILEKTHNGKLCDLDGVKPLILRDCSVAGWLLGNPMCDEFINVPEWSYIVEKANPVNDLCYPGDFNDYEELKHLLSRINHFEKIQIIPK-SSW-SSHEASLGVSSACPY-QGKSSFFRNVVWLIKKNS--TYPTIKRSYNNTNQEDLLVLWGIHHPNDAAEQTKLYQNPTTYISVGTSTLNQRLVPRIATRSKVNGQSGRMEFFWTILKPNDAINFESNGNFIAPEYAYKIV-KKGDSTIMKSELEY-GNCNTKCQTPMGAINSSMPFHNIHPLTIGECPKYVKSNRLVLATGLRNSP--
3znl,A,H5N1,human,Vietnam,2004,5,1,-DQICIGYHANNSTEQVDTIMEKNVTVTHAQDILEKTHNGKLCDLDGVKPLILRDCSVAGWLLGNPMCDEFINVPEWSYIVEKANPVNDLCYPGDFNDYEELKHLLSRINHFEKIQIIPK-SSW-SSHEASLGVSSACPY-QGKSSFFRNVVWLIKKNS--TYPTIKRSYNNTNQEDLLVLWGIHHPNDAAEQTKLYQNPTTYISVGTSTLNQRLVPRIATRSKVNGQSGRMEFFWTILKPNDAINFESNGNFIAPEYAYKIV-KKGDSTIMKSELEY-GNCNTKCQTPMGAINSSMPFHNIHPLTIGECPKYVKSNRLVLATGLRNSP--
3znm,A,H5N1,human,Vietnam,2004,5,1,-DQICIGYHANNSTEQVDTIMEKNVTVTHAQDILEKTHNGKLCDLDGVKPLILRDCSVAGWLLGNPMCDEFINVPEWSYIVEKANPVNDLCYPGDFNDYEELKHLLSRINHFEKIQIIPK-SSW-SSHEASLGVSSACPY-QGKSSFFRNVVWLIKKNS--TYPTIKRSYNNTNQEDLLVLWGIHHPNDAAEQTKLYQNPTTYISVGTSTLNQRLVPRIATRSKVNGQSGRMEFFWTILKPNDAINFESNGNFIAPEYAYKIV-KKGDSTIMKSELEY-GNCNTKCQTPMGAINSSMPFHNIHPLTIGECPKYVKSNRLVLATGLRNSP--
3zp0,A,H5N1,human,Vietnam,2004,5,1,-DQICIGYHANNSTEQVDTIMEKNVTVTHAQDILEKKHNGKLCDLDGVKPLILRDCSVAGWLLGNPMCDEFINVPEWSYIVEKANPVNDLCYPGDFNDYEELKHLLSRINHFEKIQIIPK-SSW-SSHEASLGVSSACPY-QGKSSFFRNVVWLIKKNS--TYPTIKRSYNNTNQEDLLVLWGIHHPNDAAEQTKLYQNPTTYISVGTSTLNQRLVPRIATRSKVNGQSGRMEFFWTILKPNDAINFESNGNFIAPEYAYKIV-KKGDSTIMKSELEY-GNCNTKCQTPMGAINSSMPFHNIHPLTIGECPKYVKSNRLVLATGLRNSP--
3zp1,A,H5N1,human,Vietnam,2004,5,1,-DQICIGYHANNSTEQVDTIMEKNVTVTHAQDILEKKHNGKLCDLDGVKPLILRDCSVAGWLLGNPMCDEFINVPEWSYIVEKANPVNDLCYPGDFNDYEELKHLLSRINHFEKIQIIPK-SSW-SSHEASLGVSSACPY-QGKSSFFRNVVWLIKKNS--TYPTIKRSYNNTNQEDLLVLWGIHHPNDAAEQTKLYQNPTTYISVGTSTLNQRLVPRIATRSKVNGQSGRMEFFWTILKPNDAINFESNGNFIAPEYAYKIV-KKGDSTIMKSELEY-GNCNTKCQTPMGAINSSMPFHNIHPLTIGECPKYVKSNRLVLATGLRNSP--
3zp2,A,H5N1,human,Vietnam,2004,5,1,-DQICIGYHANNSTEQVDTIMEKNVTVTHAQDILEKKHNGKLCDLDGVKPLILRDCSVAGWLLGNPMCDEFINVPEWSYIVEKANPVNDLCYPGDFNDYEELKHLLSRINHFEKIQIIPK-SSW-SSHEASLGVSSVCPY-QGKSSFFRNVVWLIKKNS--TYPTIKRSYNNTNQEDLLVLWGIHHPNDAAEQTKLYQNPTTYISVGTSTLNQRLVPRIATRSKVNGQSGRMEFFWTILKPNDAINFESNGNFIAPEYAYKIV-KKGDSTIMKSELEY-GNCNTKCQTPMGAINSSMPFHNIHPLTIGECPKYVKSNRLVLATGLRNSP--
3zp3,A,H5N1,human,Vietnam,2004,5,1,-DQICIGYHANNSTEQVDTIMEKNVTVTHAQDILEKKHNGKLCDLDGVKPLILRDCSVAGWLLGNPMCDEFINVPEWSYIVEKANPVNDLCYPGDFNDYEELKHLLSRINHFEKIQIIPK-SSW-SSHEASLGVSSVCPY-QGKSSFFRNVVWLIKKNS--TYPTIKRSYNNTNQEDLLVLWGIHHPNDAAEQTKLYQNPTTYISVGTSTLNQRLVPRIATRSKVNGQSGRMEFFWTILKPNDAINFESNGNFIAPEYAYKIV-KKGDSTIMKSELEY-GNCNTKCQTPMGAINSSMPFHNIHPLTIGECPKYVKSNRLVLATGLRNSP--
3zp6,A,H5N1,human,Vietnam,2004,5,1,-DQICIGYHANNSTEQVDTIMEKNVTVTHAQDILEKKHNGKLCDLDGVKPLILRDCSVAGWLLGNPMCDEFINVPEWSYIVEKANPVNDLCYPGDFNDYEELKHLLSRINHFEKIQIIPK-SSW-SSHEASLGVSSACPY-QGKSSFFRNVVWLIKKNS--TYPTIKRSYNNTNQEDLLVLWGIHHPNDAADQTKLYQNPTTYISVGTSTLNQRLVPRIATRSKVNGQSGRMEFFWTILKPNDAINFESNGNFIAPEYAYKIV-KKGDSTIMKSELEY-GNCNTKCQTPMGAINSSMPFHNIHPLTIGECPKYVKSNRLVLATGLRNSP--
3zpb,A,H5N1,human,Vietnam,2004,5,1,-DQICIGYHANNSTEQVDTIMEKNVTVTHAQDILEKKHNGKLCDLDGVKPLILRDCSVAGWLLGNPMCDEFINVPEWSYIVEKANPVNDLCYPGDFNDYEELKHLLSRINHFEKIQIIPK-SSW-SSHEASLGVSSACPY-QGKSSFFRNVVWLIKKNS--TYPTIKRSYNNTNQEDLLVLWGIHHPNDAADQTKLYQNPTTYISVGTSTLNQRLVPRIATRSKVNGQSGRMEFFWTILKPNDAINFESNGNFIAPEYAYKIV-KKGDSTIMKSELEY-GNCNTKCQTPMGAINSSMPFHNIHPLTIGECPKYVKSNRLVLATGLRNSP--
3ztj,A,H3N2,human,HongKong,1968,3,2,TATLCLGHHAVPNGTLVKTITDDQIEVTNATELVQSSSTGKICNN-PHRILDGIDCTLIDALLGDPHCDVFQNE-TWDLFVERSKAFS-NCYPYDVPDYASLRSLVASSGTLEFITEG---FTW-T-GVTQNGGSNACKR-GPGSGFFSRLNWLTKSGS--TYPVLNVTMPNNDNFDKLYIWGIHHPSTNQEQTSLYVQASGRVTVSTRRSQQTIIPNIGSRPWVRGLSSRISIYWTIVKPGDVLVINSNGNLIAPRGYFKM--RTGKSSIMRSDAPI-DTCISECITPNGSIPNDKPFQNVNKITYGACPKYVKQNTLKLATGMRNVP--
4bgw,A,H5N1,human,Vietnam,2004,5,1,-DQICIGYHANNSTEQVDTIMEKNVTVTHAQDILEKTHNGKLCDLDGVKPLILRDCSVAGWLLGNPMCDEFINVPEWSYIVEKANPVNDLCYPGDFNDYEELKHLLSRINHFEKIQIIPK-SSW-SSHEASLGVSSACPY-QGKSSFFRNVVWLIKKNS--TYPTIKRSYNNTNQEDLLVLWGIHHPNDAAEQTKLYQNPTTYISVGTSTLNQRLVPRIATRSKVNGQSGRMEFFWTILKPNDAINFESNGNFIAPEYAYKIV-KKGDSTIMKSELEY-GNCNTKCQTPMGAINSSMPFHNIHPLTIGECPKYVKSNRLVLATGLRNSP--
4bgx,A,H5N1,human,Vietnam,2004,5,1,-DQICIGYHANNSTEQVDTIMEKNVTVTHAQDILEKTHNGKLCDLDGVKPLILRDCSVAGWLLGNPMCDEFINVPEWSYIVEKANPVNDLCYPGDFNDYEELKHLLSRINHFEKIQIIPK-SSW-SSHEASLGVSSACPY-QGKSSFFRNVVWLIKKNS--TYPTIKRSYNNTNQEDLLVLWGIHHPNDAAEQTKLYQNPTTYISVGTSTLNQRLVPRIATRSKVNGQSGRMEFFWTILKPNDAINFESNGNFIAPEYAYKIV-KKGDSTIMKSELEY-GNCNTKCQTPMGAINSSMPFHNIHPLTIGECPKYVKSNRLVLATGLRNSP--
4bgy,A,H5N1,human,Vietnam,2004,5,1,-DQICIGYHANNSTEQVDTIMEKNVTVTHAQDILEKTHNGKLCDLDGVKPLILRDCSVAGWLLGNPMCDEFINVPEWSYIVEKANPVNDLCYPGDFNDYEELKHLLSRINHFEKIQIIPK-SSW-SSHEASLGVSSACPY-QGKSSFFRNVVWLIKKNS--TYPTIKRSYNNTNQEDLLVLWGIHHPNDAAEQTKLYQNPTTYISVGTSTLNQRLVPRIATRSKVNGQSGRMEFFWTILKPNDAINFESNGNFIAPEYAYKIV-KKGDSTIMKSELEY-GNCNTKCQTPMGAINSSMPFHNIHPLTIGECPKYVKSNRLVLATGLRNSP--
4bgz,A,H5N1,avian,Turkey,2005,5,1,-DQICIGYHANNSTEQVDTIMEKNVTVTHAQDILEKTHNGKLCDLDGVKPLILRDCSVAGWLLGNPMCDEFLNVPEWSYIVEKINPANDLCYPGNFNDYEELKHLLSRINHFEKIQIIPK-SSW-SDHEASAGVSSACPY-QGRSSFFRNVVWLIKKDN--AYPTIKRSYNNTNQEDLLVLWGIHHPNDAAEQTRLYQNPTTYISVGTSTLNQRLVPKIATRSKVNGQSGRMEFFWTILKPNDAINFESNGNFIAPENAYKIV-KKGDSTIMKSELEY-GNCNTKCQTPIGAINSSMPFHNIHPLTIGECPKYVKSSRLVLATGLRN----
4bh0,A,H5N1,avian,Turkey,2005,5,1,-DQICIGYHANNSTEQVDTIMEKNVTVTHAQDILEKTHNGKLCDLDGVKPLILRDCSVAGWLLGNPMCDEFLNVPEWSYIVEKINPANDLCYPGNFNDYEELKHLLSRINHFEKIQIIPK-SSW-SDHEASAGVSSACPY-QGRSSFFRNVVWLIKKDN--AYPTIKRSYNNTNQEDLLVLWGIHHPNDAAEQTRLYQNPTTYISVGTSTLNQRLVPKIATRSKVNGQSGRMEFFWTILKPNDAINFESNGNFIAPENAYKIV-KKGDSTIMKSELEY-GNCNTKCQTPIGAINSSMPFHNIHPLTIGECPKYVKSSRLVLATGLRN----
4bh1,A,H5N1,avian,Turkey,2005,5,1,-DQICIGYHANNSTEQVDTIMEKNVTVTHAQDILEKTHNGKLCDLDGVKPLILRDCSVAGWLLGNPMCDEFLNVPEWSYIVEKINPANDLCYPGNFNDYEELKHLLSRINHFEKIQIIPK-SSW-SDHEASAGVSSACPY-QGRSSFFRNVVWLIKKDN--AYPTIKRSYNNTNQEDLLVLWGIHHPNDAAEQTRLYQNPTTYISVGTSTLNQRLVPKIATRSKVNGQSGRMEFFWTILKPNDAINFESNGNFIAPENAYKIV-KKGDSTIMKSELEY-GNCNTKCQTPIGAINSSMPFHNIHPLTIGECPKYVKSSRLVLATGLRN----
4bh2,A,H5N1,human,VietNam,2004,5,1,-DQICIGYHANNSTEQVDTIMEKNVTVTHAQDILEKKHNGKLCDLDGVKPLILRDCSVAGWLLGNPMCDEFINVPEWSYIVEKANPVNDLCYPGDFNDYEELKHLLSRINHFEKIQIIPK-SSW-SSHEASLGVSSACPY-QGKSSFFRNVVWLIKKDS--TYPTIKRSYNNTNQEDLLVLWGIHHPNDAAEQTKLYQNPTTYISVGTSTLNQRLVPRIATRSKVKGLSGRMEFFWTILKPNDAINFESNGNFIAPEYAYKIV-KKGDSTIMKSELEY-GNCNTKCQTPMGAINSSMPFHNIHPLTIGECPKYVKSNRLVLAIGLRNSP--
4bh3,A,H5N1,human,VietNam,2004,5,1,-DQICIGYHANNSTEQVDTIMEKNVTVTHAQDILEKKHNGKLCDLDGVKPLILRDCSVAGWLLGNPMCDEFINVPEWSYIVEKANPVNDLCYPGDFNDYEELKHLLSRINHFEKIQIIPK-SSW-SSHEASLGVSSACPY-QGKSSFFRNVVWLIKKDS--TYPTIKRSYNNTNQEDLLVLWGIHHPNDAAEQTKLYQNPTTYISVGTSTLNQRLVPRIATRSKVKGLSGRMEFFWTILKPNDAINFESNGNFIAPEYAYKIV-KKGDSTIMKSELEY-GNCNTKCQTPMGAINSSMPFHNIHPLTIGECPKYVKSNRLVLAIGLRNSP--
4bh4,A,H5N1,human,VietNam,2004,5,1,-DQICIGYHANNSTEQVDTIMEKNVTVTHAQDILEKKHNGKLCDLDGVKPLILRDCSVAGWLLGNPMCDEFINVPEWSYIVEKANPVNDLCYPGDFNDYEELKHLLSRINHFEKIQIIPK-SSW-SSHEASLGVSSACPY-QGKSSFFRNVVWLIKKDS--TYPTIKRSYNNTNQEDLLVLWGIHHPNDAAEQTKLYQNPTTYISVGTSTLNQRLVPRIATRSKVKGLSGRMEFFWTILKPNDAINFESNGNFIAPEYAYKIV-KKGDSTIMKSELEY-GNCNTKCQTPMGAINSSMPFHNIHPLTIGECPKYVKSNRLVLAIGLRNSP--
4bsa,A,H7N9,human,Hangzhou,2013,7,9,-DKICLGHHALSNGTKVNTLTERGVEVVNATETVERTNIPRICSK-GKRTVDLGQCGLLGTITGPPQCDQFLEF-SADLIIERREGSD-VCYPGKFVNEEALRQILRESGGIDKEAMG---FTY-S-GIRTNGTTSACRR-SG-SSFYAEMKWLLSNTDNAAFPQMTKSYKNTRKSPALIVWGIHHSVSTAEQTKLYGSGNKLVTVGSSNYQQSFVPSPGARPQVNGLSGRIDFHWLMLNPNDTVTFSFNGAFIAPDRASFL---RGKSMGIQSGVQVDANCEGDCYHSGGTIISNLPFQNIDSRAVGKCPRYVKQRSLLLATGMKNVP--
4bsb,A,H7N9,human,Hangzhou,2013,7,9,-DKICLGHHALSNGTKVNTLTERGVEVVNATETVERTNIPRICSK-GKRTVDLGQCGLLGTITGPPQCDQFLEF-SADLIIERREGSD-VCYPGKFVNEEALRQILRESGGIDKEAMG---FTY-S-GIRTNGTTSACRR-SG-SSFYAEMKWLLSNTDNAAFPQMTKSYKNTRKSPALIVWGIHHSVSTAEQTKLYGSGNKLVTVGSSNYQQSFVPSPGARPQVNGLSGRIDFHWLMLNPNDTVTFSFNGAFIAPDRASFL---RGKSMGIQSGVQVDANCEGDCYHSGGTIISNLPFQNIDSRAVGKCPRYVKQRSLLLATGMKNVP--
4bsc,A,H7N9,human,Hangzhou,2013,7,9,-DKICLGHHALSNGTKVNTLTERGVEVVNATETVERTNIPRICSK-GKRTVDLGQCGLLGTITGPPQCDQFLEF-SADLIIERREGSD-VCYPGKFVNEEALRQILRESGGIDKEAMG---FTY-S-GIRTNGTTSACRR-SG-SSFYAEMKWLLSNTDNAAFPQMTKSYKNTRKSPALIVWGIHHSVSTAEQTKLYGSGNKLVTVGSSNYQQSFVPSPGARPQVNGLSGRIDFHWLMLNPNDTVTFSFNGAFIAPDRASFL---RGKSMGIQSGVQVDANCEGDCYHSGGTIISNLPFQNIDSRAVGKCPRYVKQRSLLLATGMKNVP--
4bsd,A,H7N9,human,Hangzhou,2013,7,9,-DKICLGHHALSNGTKVNTLTERGVEVVNATETVERTNIPRICSK-GKRTVDLGQCGLLGTITGPPQCDQFLEF-SADLIIERREGSD-VCYPGKFVNEEALRQILRESGGIDKEAMG---FTY-S-GIRTNGTTSACRR-SG-SSFYAEMKWLLSNTDNAAFPQMTKSYKNTRKSPALIVWGIHHSVSTAEQTKLYGSGNKLVTVGSSNYQQSFVPSPGARPQVNGLSGRIDFHWLMLNPNDTVTFSFNGAFIAPDRASFL---RGKSMGIQSGVQVDANCEGDCYHSGGTIISNLPFQNIDSRAVGKCPRYVKQRSLLLATGMKNVP--
4bse,A,H7N9,human,Hangzhou,2013,7,9,-DKICLGHHAVSNGTKVNTLTERGVEVVNATETVERTNIPRICSK-GKRTVDLGQCGLLGTITGPPQCDQFLEF-SADLIIERREGSD-VCYPGKFVNEEALRQILRESGGIDKEAMG---FTY-S-GIRTNGATSACRR-SG-SSFYAEMKWLLSNTDNAAFPQMTKSYKNTRKSPALIVWGIHHSVSTAEQTKLYGSGNKLVTVGSSNYQQSFVPSPGARPQVNGLSGRIDFHWLMLNPNDTVTFSFNGAFIAPDRASFL---RGKSMGIQSGVQVDANCEGDCYHSGGTIISNLPFQNIDSRAVGKCPRYVKQRSLLLATGMKNVP--
4bsf,A,H7N9,human,Hangzhou,2013,7,9,-DKICLGHHAVSNGTKVNTLTERGVEVVNATETVERTNIPRICSK-GKRTVDLGQCGLLGTITGPPQCDQFLEF-SADLIIERREGSD-VCYPGKFVNEEALRQILRESGGIDKEAMG---FTY-S-GIRTNGATSACRR-SG-SSFYAEMKWLLSNTDNAAFPQMTKSYKNTRKSPALIVWGIHHSVSTAEQTKLYGSGNKLVTVGSSNYQQSFVPSPGARPQVNGLSGRIDFHWLMLNPNDTVTFSFNGAFIAPDRASFL---RGKSMGIQSGVQVDANCEGDCYHSGGTIISNLPFQNIDSRAVGKCPRYVKQRSLLLATGMKNVP--
4bsg,A,H7N3,avian,Italy,2002,7,3,-DKICLGHHAVSNGTKVNTLTERGVEVVNATETVERTNVPRICSK-GKRTVDLGQCGLLGTITGPPQCDQFLEF-SADLIIERREGSD-VCYPGKFVNEEALRQILRESGGIDKETMG---FTY-S-GIRTNGATSACRR-SG-SSFYAEMKWLLSNTDNAAFPQMTKSYKNTRKDPALIIWGIHHSGSTTEQTKLYGSGNKLITVGSSNYQQSFVPSPGARPQVNGQSGRIDFHWLMLNPNDTVTFSFNGAFIAPDRASFL---RGKSMGIQSSVQVDANCEGDCYHSGGTIISNLPFQNINSRAVGKCPRYVKQESLMLATGMKNVP--
4bsh,A,H7N3,avian,Italy,2002,7,3,-DKICLGHHAVSNGTKVNTLTERGVEVVNATETVERTNVPRICSK-GKRTVDLGQCGLLGTITGPPQCDQFLEF-SADLIIERREGSD-VCYPGKFVNEEALRQILRESGGIDKETMG---FTY-S-GIRTNGATSACRR-SG-SSFYAEMKWLLSNTDNAAFPQMTKSYKNTRKDPALIIWGIHHSGSTTEQTKLYGSGNKLITVGSSNYQQSFVPSPGARPQVNGQSGRIDFHWLMLNPNDTVTFSFNGAFIAPDRASFL---RGKSMGIQSSVQVDANCEGDCYHSGGTIISNLPFQNINSRAVGKCPRYVKQESLMLATGMKNVP--
4bsi,A,H7N3,avian,Italy,2002,7,3,-DKICLGHHAVSNGTKVNTLTERGVEVVNATETVERTNVPRICSK-GKRTVDLGQCGLLGTITGPPQCDQFLEF-SADLIIERREGSD-VCYPGKFVNEEALRQILRESGGIDKETMG---FTY-S-GIRTNGATSACRR-SG-SSFYAEMKWLLSNTDNAAFPQMTKSYKNTRKDPALIIWGIHHSGSTTEQTKLYGSGNKLITVGSSNYQQSFVPSPGARPQVNGQSGRIDFHWLMLNPNDTVTFSFNGAFIAPDRASFL---RGKSMGIQSSVQVDANCEGDCYHSGGTIISNLPFQNINSRAVGKCPRYVKQESLMLATGMKNVP--
4cqp,A,H5N1,human,Vietnam,2004,5,1,-DQICIGYHANNSTEQVDTIMEKNVTVTHAQDILEKTHNGKLCDLDGVKPLILRDCSVAGWLLGNPMCDEFINVPEWSYIVEKANPVNDLCYPGDFNDYEELKHLLSRINHFEKIQIIPK-SSW-SSHEASLGVSSACPY-QGKSSFFRNVVWLIKKNS--TYPTIKRSYNNTNQEDLLVLWGIHHPNDAAEQTKLYRNPTTYISVGTSTLNQRLVPRIATRSKVNGQNGRMEFFWTILKPNDAINFESNGNFIAPEYAYKIV-KKGDSTIMKSELEY-GNCNTKCQTPMGAINSSMPFHNIHPLTIGECPKYVKSNRLVLATGLRNSP--
4cqq,A,H5N1,human,Vietnam,2004,5,1,-DQICIGYHANNSTEQVDTIMEKNVTVTHAQDILEKTHNGKLCDLDGVKPLILRDCSVAGWLLGNPMCDEFINVPEWSYIVEKANPVNDLCYPGDFNDYEELKHLLSRINHFEKIQIIPK-SSW-SSHEASLGVSSACPY-QGKSSFFRNVVWLIKKNS--TYPTIKRSYNNTNQEDLLVLWGIHHPNDAAEQTKLYRNPTTYISVGTSTLNQRLVPRIATRSKVNGQNGRMEFFWTILKPNDAINFESNGNFIAPEYAYKIV-KKGDSTIMKSELEY-GNCNTKCQTPMGAINSSMPFHNIHPLTIGECPKYVKSNRLVLATGLRNSP--
4cqr,A,H5N1,human,Vietnam,2004,5,1,-DQICIGYHANNSTEQVDTIMEKNVTVTHAQDILEKTHNGKLCDLDGVKPLILRDCSVAGWLLGNPMCDEFINVPEWSYIVEKANPVNDLCYPGDFNDYEELKHLLSRINHFEKIQIIPK-SSW-SSHEASLGVSSACPY-QGKSSFFRNVVWLIKKNS--TYPTIKRSYNNTNQEDLLVLWGIHHPNDAAEQTKLYRNPTTYISVGTSTLNQRLVPRIATRSKVNGQNGRMEFFWTILKPNDAINFESNGNFIAPEYAYKIV-KKGDSTIMKSELEY-GNCNTKCQTPMGAINSSMPFHNIHPLTIGECPKYVKSNRLVLATGLRNSP--
4cqs,A,H5N1,human,Vietnam,2004,5,1,-DQICIGYHANNSTEQVDTIMEKNVTVTHAQDILEKTHNGKLCDLDGVKPLILRDCSVAGWLLGNPMCDEFINVPEWSYIVEKANPVNDLCYPGDFNDYEELKHLLSRINHFEKIQIIPK-SSW-SSHEASLGVSSACPY-QGKSSFFRNVVWLIKKNS--TYPTIKRSYNNTNQEDLLVLWGIHHPKDAAEQTKLYQNPTTYISVGTSTLNQRLVPRIATRSKVNGQSGRMEFFWTILKPNDAINFESNGNFIAPEYAYKIV-KKGDSTIMKSELEY-GNCNTKCQTPMGAINSSMPFHNIHPLTIGECPKYVKSNRLVLATGLRNSP--
4cqt,A,H5N1,human,Vietnam,2004,5,1,-DQICIGYHANNSTEQVDTIMEKNVTVTHAQDILEKTHNGKLCDLDGVKPLILRDCSVAGWLLGNPMCDEFINVPEWSYIVEKANPVNDLCYPGDFNDYEELKHLLSRINHFEKIQIIPK-SSW-SSHEASLGVSSACPY-QGKSSFFRNVVWLIKKNS--TYPTIKRSYNNTNQEDLLVLWGIHHPNDAAEQTKLYRNPTTYISVGTSTLNQRLVPRIATRSKVNGQNGRMEFFWTILKPNDAINFESNGNFIAPEYAYKIV-KKGDSTIMKSELEY-GNCNTKCQTPMGAINSSMPFHNIHPLTIGECPKYVKSNRLVLATGLRNSP--
4cqu,A,H5N1,human,Vietnam,2004,5,1,-DQICIGYHANNSTEQVDTIMEKNVTVTHAQDILEKTHNGKLCDLDGVKPLILRDCSVAGWLLGNPMCDEFINVPEWSYIVEKANPVNDLCYPGDFNDYEELKHLLSRINHFEKIQIIPK-SSW-SSHEASLGVSSACPY-QGKSSFFRNVVWLIKKNS--TYPTIKRSYNNTNQEDLLVLWGIHHPKDAAEQTKLYQNPTTYISVGTSTLNQRLVPRIATRSKVNGQSGRMEFFWTILKPNDAINFESNGNFIAPEYAYKIV-KKGDSTIMKSELEY-GNCNTKCQTPMGAINSSMPFHNIHPLTIGECPKYVKSNRLVLATGLRNSP--
4cqv,A,H5N1,avian,Turkey,2005,5,1,PDQICIGYHANNSTEQVDTIMEKNVTVTHAQDILEKTHNGKLCDLDGVKPLILRDCSVAGWLLGNPMCDEFLNVPEWSYIVEKINPANDLCYPGNFNDYEELKHLLSRINHFEKIQIIPK-SSW-SDHEAS-GVSSACPY-QGRSSFFRNVVWLTKKDN--AYPTIKRSYNNTNQEDLLVLWGIHHPNDAAEQTRLYQNPTTYISVGTSTLNQRLVPKIATRSKVNGQSGRMEFFWTILKPNDAINFESNGNFIAPENAYKIV-KKGDSTIMKSELEY-GNCNTKCQTPIGAINSSMPFHNIHPLTIGECPKYVKSSRLVLATGLRNSP--
4cqw,A,H5N1,avian,Turkey,2005,5,1,PDQICIGYHANNSTEQVDTIMEKNVTVTHAQDILEKTHNGKLCDLDGVKPLILRDCSVAGWLLGNPMCDEFLNVPEWSYIVEKINPANDLCYPGNFNDYEELKHLLSRINHFEKIQIIPK-SSW-SDHEAS-GVSSACPY-QGRSSFFRNVVWLTKKDN--AYPTIKRSYNNTNQEDLLVLWGIHHPNDAAEQTRLYQNPTTYISVGTSTLNQRLVPKIATRSKVNGQSGRMEFFWTILKPNDAINFESNGNFIAPENAYKIV-KKGDSTIMKSELEY-GNCNTKCQTPIGAINSSMPFHNIHPLTIGECPKYVKSSRLVLATGLRNSP--
4cqx,A,H5N1,avian,Turkey,2005,5,1,PDQICIGYHANNSTEQVDTIMEKNVTVTHAQDILEKTHNGKLCDLDGVKPLILRDCSVAGWLLGNPMCDEFLNVPEWSYIVEKINPANDLCYPGNFNDYEELKHLLSRINHFEKIQIIPK-SSW-SDHEAS-GVSSACPY-QGRSSFFRNVVWLTKKDN--AYPTIKRSYNNTNQEDLLVLWGIHHPNDAAEQTRLYQNPTTYISVGTSTLNQRLVPKIATRSKVNGQSGRMEFFWTILKPNDAINFESNGNFIAPENAYKIV-KKGDSTIMKSELEY-GNCNTKCQTPIGAINSSMPFHNIHPLTIGECPKYVKSSRLVLATGLRNSP--
4cqy,A,H5N1,avian,Turkey,2005,5,1,PDQICIGYHANNSTEQVDTIMEKNVTVTHAQDILEKTHNGKLCDLDGVKPLILRDCSVAGWLLGNPMCDEFLNVPEWSYIVEKINPANDLCYPGNFNDYEELKHLLSRINHFEKIQIIPK-SSW-SDHEAS-GVSSACPY-QGRSSFFRNVVWLTKKDN--AYPTIKRSYNNTNQEDLLVLWGIHHPNDAAEQTRLYQNPTTYISVGTSTLNQRLVPKIATRSKVNGQSGRMEFFWTILKPNDAINFESNGNFIAPENAYKIV-KKGDSTIMKSELEY-GNCNTKCQTPIGAINSSMPFHNIHPLTIGECPKYVKSSRLVLATGLRNSP--
4cqz,A,H5N1,human,Vietnam,2004,5,1,-DQICIGYHANNSTEQVDTIMEKNVTVTHAQDILEKTHNGKLCDLDGVKPLILRDCSVAGWLLGNPMCDEFINVPEWSYIVEKANPVNDLCYPGDFNDYEELKHLLSRINHFEKIQIIPK-SSW-SSHEASLGVSSACPY-QGKSSFFRNVVWLIKKNS--TYPTIKRSYNNTNQEDLLVLWGIHHPNDAAEQTKLYRNPTTYISVGTSTLNQRLVPRIATRSKVNGQSGRMEFFWTILKPNDAINFESNGNFIAPEYAYKIV-KKGDSTIMKSELEY-GNCNTKCQTPMGAINSSMPFHNIHPLTIGECPKYVKSNRLVLATGLRNSP--
4cr0,A,H5N1,human,Vietnam,2004,5,1,-DQICIGYHANNSTEQVDTIMEKNVTVTHAQDILEKTHNGKLCDLDGVKPLILRDCSVAGWLLGNPMCDEFINVPEWSYIVEKANPVNDLCYPGDFNDYEELKHLLSRINHFEKIQIIPK-SSW-SSHEASLGVSSACPY-QRKSSFFRNVVWLIKKNS--TYPTIKRSYNNTNQEDLLVLWGIHHPKDAAEQTKLYQNPTTYISVGTSTLNQRLVPRIATRSKVNGQSGRMEFFWTILKPNDAINFESNGNFIAPEYAYKIV-KKGDSTIMKSELEY-GNCNTKCQTPMGAINSSMPFHNIHPLTIGECPKYVKSNRLVLATGLRNSP--
4cyv,A,H10N2,avian,Sweden,2002,10,2,-DKICLGHHAVANGTIVKTLTNEQEEVTNATETVESTSLDRLCMK-GRSHKDLGNCHPIGMLIGTPACDLHLTG-TWDTLIERENAIA-YCYPGATVNEEALRQKIMESGGISKISTG---FTYGS-SINSAGTTKACMR-NGGNSFYAELKWLVSKSKGQNFPQTTNTYRNTDTAEHLIMWGIHHPSSTQEKNDLYGTQSLSISVGSSTYQSNFVPVVGARPQVNGQSGRIDFHWTLVQPGDNITFSHNGGLIAPSRVSKL---IGRGLGIQSDAPIDNNCESKCFWRGGSINTRLPFQNLSPRTVGQCPKYVNKKSLMLATGMRNVP--
4cyw,A,H10N2,avian,Sweden,2002,10,2,-DKICLGHHAVANGTIVKTLTNEQEEVTNATETVESTSLDRLCMK-GRSHKDLGNCHPIGMLIGTPACDLHLTG-TWDTLIERENAIA-YCYPGATVNEEALRQKIMESGGISKISTG---FTYGS-SINSAGTTKACMR-NGGNSFYAELKWLVSKSKGQNFPQTTNTYRNTDTAEHLIMWGIHHPSSTQEKNDLYGTQSLSISVGSSTYQSNFVPVVGARPQVNGQSGRIDFHWTLVQPGDNITFSHNGGLIAPSRVSKL---IGRGLGIQSDAPIDNNCESKCFWRGGSINTRLPFQNLSPRTVGQCPKYVNKKSLMLATGMRNVP--
4cyz,A,H10N2,avian,Sweden,2002,10,2,-DKICLGHHAVANGTIVKTLTNEQEEVTNATETVESTSLDRLCMK-GRSHKDLGNCHPIGMLIGTPACDLHLTG-TWDTLIERENAIA-YCYPGATVNEEALRQKIMESGGISKISTG---FTYGS-SINSAGTTKACMR-NGGNSFYAELKWLVSKSKGQNFPQTTNTYRNTDTAEHLIMWGIHHPSSTQEKNDLYGTQSLSISVGSSTYQSNFVPVVGARPQVNGQSGRIDFHWTLVQPGDNITFSHNGGLIAPSRVSKL---IGRGLGIQSDAPIDNNCESKCFWRGGSINTRLPFQNLSPRTVGQCPKYVNKKSLMLATGMRNVP--
4cz0,A,H10N2,avian,Sweden,2002,10,2,-DKICLGHHAVANGTIVKTLTNEQEEVTNATETVESTSLDRLCMK-GRSHKDLGNCHPIGMLIGTPACDLHLTG-TWDTLIERENAIA-YCYPGATVNEEALRQKIMESGGISKISTG---FTYGS-SINSAGTTKACMR-NGGNSFYAELKWLVSKSKGQNFPQTTNTYRNTDTAEHLIMWGIHHPSSTQEKNDLYGTQSLSISVGSSTYQSNFVPVVGARPQVNGQSGRIDFHWTLVQPGDNITFSHNGGLIAPSRVSKL---IGRGLGIQSDAPIDNNCESKCFWRGGSINTRLPFQNLSPRTVGQCPKYVNKKSLMLATGMRNVP--
4d00,A,H10N7,avian,,1949,10,7,PDKICLGHHAVANGTIVKTLTNEQEEVTNATETVESTGINRLCMK-GRKHKDLGNCHPIGMLIGTPACDLHLTG-MWDTLIERENAIA-YCYPGATVNVEALRQKIMESGGINKISTG---FTYGS-SINSAGTTRACMR-NGGNSFYAELKWLVSKSKGQNFPQTTNTYRNTDTAEHLIMWGIHHPSSTQEKNDLYGTQSLSISVGSSTYRNNFVPVVGARPQVNGQSGRIDFHWTLVQPGDNITFSHNGGLIAPSRVSKL---IGRGLGIQSDAPIDNNCESKCFWRGGSINTRLPFQNLSPRTVGQCPKYVNRRSLMLATGMRNVP--
4dj6,A,H7N7,human,Netherlands,2003,7,7,-DKICLGHHAVSNGTKVNTLTERGVEVVNATETVERTNVPRICSK-GKRTVDLGQCGLLGTITGPPQCDQFLEF-SADLIIERREGSD-VCYPGKFVNEEALRQILRESGGIDKETMG---FTY-S-GIRTNGTTSACRR-SG-SSFYAEMKWLLSNTDNAAFPQMTKSYKNTRKDPALIIWGIHHSGSTTEQTKLYGSGNKLITVGSSNYQQSFVPSPGARPQVNGQSGRIDFHWLILNPNDTVTFSFNGAFIAPDRASFL---RGKSMGIQSEVQVDANCEGDCYHSGGTIISNLPFQNINSRAVGKCPRYVKQESLLLATGMKNVP--
4dj7,A,H7N7,human,Netherlands,2003,7,7,-DKICLGHHAVSNGTKVNTLTERGVEVVNATETVERTNVPRICSK-GKRTVDLGQCGLLGTITGPPQCDQFLEF-SADLIIERREGSD-VCYPGKFVNEEALRQILRESGGIDKETMG---FTY-S-GIRTNGTTSACRR-SG-SSFYAEMKWLLSNTDNAAFPQMTKSYKNTRKDPALIIWGIHHSGSTTEQTKLYGSGNKLITVGSSNYQQSFVPSPGARPQVNGQSGRIDFHWLILNPNDTVTFSFNGAFIAPDRASFL---RGKSMGIQSEVQVDANCEGDCYHSGGTIISNLPFQNINSRAVGKCPRYVKQESLLLATGMKNVP--
4dj8,A,H7N7,human,Netherlands,2003,7,7,-DKICLGHHAVSNGTKVNTLTERGVEVVNATETVERTNVPRICSK-GKRTVDLGQCGLLGTITGPPQCDQFLEF-SADLIIERREGSD-VCYPGKFVNEEALRQILRESGGIDKETMG---FTY-S-GIRTNGTTSACRR-SG-SSFYAEMKWLLSNTDNAAFPQMTKSYKNTRKDPALIIWGIHHSGSTTEQTKLYGSGNKLITVGSSNYQQSFVPSPGARPQVNGQSGRIDFHWLILNPNDTVTFSFNGAFIAPDRASFL---RGKSMGIQSEVQVDANCEGDCYHSGGTIISNLPFQNINSRAVGKCPRYVKQESLLLATGMKNVP--
4eda,A,H1N1,human,Korea,2009,1,1,-DTLCIGYHANNSTDTVDTVLEKNVTVTHSVNLLEDKHNGKLCKLRGVAPLHLGKCNIAGWILGNPECESLSTASSWSYIVETSSSDNGTCYPGDFIDYEELREQLSSVSSFERFEIFPKTSSW-PNHDSNKGVTAACPH-AGAKSFYKNLIWLVKKGN--SYPKLSKSYINDKGKEVLVLWGIHHPSTSADQQSLYQNADAYVFVGSSRYSKKFKPEIAIRPKVRDQEGRMNYYWTLVEPGDKITFEATGNLVVPRYAFAME-RNAGSGIIISDTPV-HDCNTTCQTPKGAINTSLPFQNIHPITIGKCPKYVKSTKLRLATGLRNV---
4edb,A,H1N1,human,Thailand,2006,1,1,-DTICIGYHANNSTDTVDTVLEKNVTVTHSVNLLEDSHNGKLCLLKGIAPLQLGNCSVAGWILGNPECELLISKESWSYIVEKPNPENGTCYPGHFADYEELREQLSSVSSFERFEMFPKESSW-PNHTV-TGVSASCSH-NGKSSFYKNLLWLTGKNG--LYPNLSKSYANNKEKEVLVLWGVHHPPNIGDQRALYHTENAYVSVVSSHYSRKFTPEIAKRPKVRDQEGRINYYWTLLEPGDTIIFEANGNLIAPRYAFALS-RGFGSGIINSNAPM-DECDAKCQTPQGAINSSLPFQNVHPVTIGECPKYVRSAKLRMVTGLRNIP--
4eef,A,H1N1,human,BrevigMission,1918,1,1,GDTICIGYHANNSTDTVDTVLEKNVTVTHSVNLLEDSHNGKLCKLKGIAPLQLGKCNIAGWLLGNPECDLLLTASSWSYIVETSNSENGTCYPGDFIDYEELREQLSSVSSFEKFEIFPKTSSW-PNHETTKGVTAACSY-AGASSFYRNLLWLTKKGS--SYPKLSKSYVNNKGKEVLVLWGVHHPPTGTDQQSLYQNADAYVSVGSSKYNRRFTPEIAARPKVRDQAGRMNYYWTLLEPGDTITFEATGNLIAPWYAFALN-RGSGSGIITSDAPV-HDCNTKCQTPHGAINSSLPFQNIHPVTIGECPKYVRSTKLRMATGLRNIP--
4f15,A,H1N1,human,Korea,2009,1,1,-------------------------------------------KLRGVAPLHLGKCNIAGWILGNPECESLSTASSWSYIVETSSSDNGTCYPGDFIDYEELREQLSSVSSFERFEIFPKTSSW-PNHDSNKGVTAACPH-AGAKSFYKNLIWLVKKGN--SYPKLSKSYINDKGKEVLVLWGIHHPSTSADQQSLYQNADAYVFVGSSRYSKKFKPEIAIRPKVRDQEGRMNYYWTLVEPGDKITFEATGNLVVPRYAFAME-RNAGSG-------------------------------------------------------------
4f23,A,H16N3,avian,Sweden,1999,16,3,QDKICIGYLSNNSTDTVDTLTENGVPVTSSIDLVETNHTGTYCSLNGVSPIHLGDCSFEGWIVGNPSCASNINIREWSYLIEDPNAPHKLCFPGEVDNNGELRHLFSGVNSFSRTELIPP-SKW-G--DILEGTTASCQ-NRGANSFYRNLIWLVNKLN--KYPVVKGEYNNTTGRDVLVLWGIHHPDTEATANKLYVNKNPYTLVSTKEWSRRYELEIGTRIG-DGQRSWMKIYWHLMHPGERITFESSGGLLAPRYGYIIE-KYGTGRIFQSGVRL-AKCNTKCQTSMGGINTNKTFQNIERNALGDCPKYIKSGQLKLATGLRNVP--
4f3z,A,H1N2,swine,Indiana,2000,1,2,GDTLCIGYHANNSTDTVDTVLEKNVTVTHSVNLLEDRHNGKLCKLRGVAPLHLGKCNIAGWLLGNPECES---ASSWSYIVETSSSDNGTCYPGDFINYEELREQLSSVSSFERFEIFPKTSSW-PNHDTNRGVTAACPY-AGAKSFYRNLIWLVKKEN--SYPKLSKSYINNKGKEVLVLWGIHHPSTSADQQSLYQNADAYVFVCSSRYSKKFKPEIAACPKVRDQAGRINYYWTLVEPGDKITFEATGNLVVPRYAFAME-RNSGSGIIISDTSV-HDCNTTCQTPKGAINTSLPFQNIHPVTIGECPKYVKSTKLRMATGLRNVP--
4fiu,A,H16N3,avian,Sweden,1999,16,3,QDKICIGYLSNNSTDTVDTLTENGVPVTSSIDLVETNHTGTYCSLNGVSPIHLGDCSFEGWIVGNPSCASNINIREWSYLIEDPNAPHKLCFPGEVDNNGELRHLFSGVNSFSRTELIPP-SKW-G--DILEGTTASCQ-NRGANSFYRNLIWLVNKLN--KYPVVKGEYNNTTGRDVLVLWGIHHPDTEATANKLYVNKNPYTLVSTKEWSRRYELEIGTRIG-DGQRSWMKIYWHLMHPGERITFESSGGLLAPRYGYIIE-KYGTGRIFQSGVRL-AKCNTKCQTSMGGINTNKTFQNIERNALGDCPKYIKSGQLKLATGLRNVP--
4fnk,A,H3N2,human,HongKong,1968,3,2,GATLCLGHHAVPNGTLVKTITDDQIEVTNATELVQSSSTGKICNN-PHRILDGIDCTLIDALLGDPHCDVFQNE-TWDLFVERSKAFS-NCYPYDVPDYASLRSLVASSGTLEFITEG---FTW-T-GVTQNGGSNACKR-GPGSGFFSRLNWLTKSGS--TYPVLNVTMPNNDNFDKLYIWGVHHPSTNQEQTSLYVQASGRVTVSTRRSQQTIIPNIGSRPWVRGLSSRISIYWTIVKPGDVLVINSNGNLIAPRGYFKM--RTGKSSIMRSDAPI-DTCISECITPNGSIPNDKPFQNVNKITYGACPKYVKQNTLKLATGMRNVP--
4fp8,A,H3N2,human,HongKong,1968,3,2,---------------------------------VQSSSTGKICNN-PHRILDGIDCTLIDALLGDPHCDVFQNE-TWDLFVERSKAFS-NCYPYDVPDYASLRSLVASSGTLEFITEG---FTW-T-GVTQNGGSNACKR-GPGSGFFSRLNWLTKSGS--TYPVLNVTMPNNDNFDKLYIWGVHHPSTNQEQTSLYVQASGRVTVSTRRSQQTIIPNIGSRPWVRGLSSRISIYWTIVKPGDVLVINSNGNLIAPRGYFKM--RTGKSSIMRSDAPI-DTCISECITPNGSIPNDKPFQNVNKITYGACPKYV-----------------
4fqi,A,H5N1,human,VietNam,2004,5,1,GDQICIGYHANNSTEQVDTIMEKNVTVTHAQDILEKKHNGKLCDLDGVKPLILRDCSVAGWLLGNPMCDEFINVPEWSYIVEKANPVNDLCYPGDFNDYEELKHLLSRINHFEKIQIIPK-SSW-SSHEASLGVSSACPY-QGKSSFFRNVVWLIKKNS--TYPTIKRSYNNTNQEDLLVLWGIHHPNDAAEQTKLYQNPTTYISVGTSTLNQRLVPRIATRSKVNGQSGRMEFFWTILKPNDAINFESNGNFIAPEYAYKIV-KKGDSTIMKSELEY-GNCNTKCQTPMGAINSSMPFHNIHPLTIGECPKYVKSNRLVLATGLRNSP--
4fqr,A,H3N2,human,HongKong,1968,3,2,GATLCLGHHAVPNGTLVKTITDDQIEVTNATELVQSSSTGKICNN-PHRILDGIDCTLIDALLGDPHCDVFQNE-TWDLFVERSKAFS-NCYPYDVPDYASLRSLVASSGTLEFITEG---FTW-T-GVTQNGGSNACKR-GPGSGFFSRLNWLTKSGS--TYPVLNVTMPNNDNFDKLYIWGVHHPSTNQEQTSLYVQASGRVTVSTRRSQQTIIPNIGSRPWVRGLSSRISIYWTIVKPGDVLVINSNGNLIAPRGYFKM--RTGKSSIMRSDAPI-DTCISECITPNGSIPNDKPFQNVNKITYGACPKYVKQNTLKLATGMRNVP--
4fqv,A,H7N7,human,Netherlands,2003,7,7,-DKICLGHHAVSNGTKVNTLTERGVEVVNATETVERTNVPRICSK-GKRTVDLGQCGLLGTITGPPQCDQFLEF-SADLIIERREGSD-VCYPGKFVNEEALRQILRESGGIDKETMG---FTY-S-GIRTNGTTSACRR-SG-SSFYAEMKWLLSNTDNAAFPQMTKSYKNTRKDPALIIWGIHHSGSTTEQTKLYGSGNKLITVGSSNYQQSFVPSPGARPQVNGQSGRIDFHWLILNPNDTVTFSFNGAFIALDRASFL---RGKSMGIQSEVQVDANCEGDCYHSGGTIISNLPFQNINSRAVGKCPRYVKQESLLLATGMKNVP--
4fqy,A,H3N2,human,HongKong,1968,3,2,GATLCLGHHAVPNGTLVKTITDDQIEVTNATELVQSSSTGKICNN-PHRILDGIDCTLIDALLGDPHCDVFQNE-TWDLFVERSKAFS-NCYPYDVPDYASLRSLVASSGTLEFITEG---FTW-T-GVTQNGGSNACKR-GPGSGFFSRLNWLTKSGS--TYPVLNVTMPNNDNFDKLYIWGVHHPSTNQEQTSLYVQASGRVTVSTRRSQQTIIPNIGSRPWVRGLSSRISIYWTIVKPGDVLVINSNGNLIAPRGYFKM--RTGKSSIMRSDAPI-DTCISECITPNGSIPNDKPFQNVNKITYGACPKYVKQNTLKLATGMRNVP--
4gms,A,H3N2,human,Victoria,1975,3,2,GATLCLGHHAVPNGTLVKTITNDQIEVTNATELVQSSSTGKICNN-PHRILDGINCTLIDALLGDPHCDGFQNE-KWDLFVERSKAFS-NCYPYDVPDYASLRSLVASSGTLEFINEG---FNW-T-GVTQNGGSSACKR-GPDSGFFSRLNWLYKSGS--TYPVQNVTMPNNDNSDKLYIWGVHHPSTDKEQTNLYVQASGKVTVSTKRSQQTIIPNVGSRPWVRGLSSRISIYWTIVKPGDILVINSNGNLIAPRGYFKM--RTGKSSIMRSDAPI-GTCSSECITPNGSIPNDKPFQNVNKITYGACPKYVKQNTLKLATGMRNVP--
4gxu,A,H1N1,human,BrevigMission,1918,1,1,GDTICIGYHANNSTDTVDTVLEKNVTVTHSVNLLEDSHNGKLCKLKGIAPLQLGKCNIAGWLLGNPECDLLLTASSWSYIVETSNSENGTCYPGDFIDYEELREQLSSVSSFEKFEIFPKTSSW-PNHETTKGVTAACSY-AGASSFYRNLLWLTKKGS--SYPKLSKSYVNNKGKEVLVLWGVHHPPTGTDQQSLYQNADAYVSVGSSKYNRRFTPEIAARPKVRDQAGRMNYYWTLLEPGDTITFEATGNLIAPWYAFALN-RGSGSGIITSDAPV-HDCNTKCQTPHGAINSSLPFQNIHPVTIGECPKYVRSTKLRMATGLRNIP--
4gxx,A,H1N1,human,BrevigMission,1918,1,1,GDTICIGYHANNSTDTVDTVLEKNVTVTHSVNLLEDSHNGKLCKLKGIAPLQLGKCNIAGWLLGNPECDLLLTASSWSYIVETSNSENGTCYPGDFIDYEELREQLSSVSSFEKFEIFPKTSSW-PNHETTKGVTAACSY-AGASSFYRNLLWLTKKGS--SYPKLSKSYVNNKGKEVLVLWGVHHPPTGTEQQSLYQNADAYVSVGSSKYNRRFTPEIAARPKVRGQAGRMNYYWTLLEPGDTITFEATGNLIAPWYAFALN-RGSGSGIITSDAPV-HDCNTKCQTPHGAINSSLPFQNIHPVTIGECPKYVRSTKLRMATGLRNIP--
4h32,A,H17N10,bat,Guatemala,2010,17,10,QDRICIGYQANQNNQTVNTLLEQNVPVTGAQEILETNHNGKLCSLNGVPPLDLQSCTLAGWLLGNPNCDNLLEAEEWSYIKINENAPDDLCFPGNFENLQDLLLEMSGVQNFTKVKLFNP-QSM-T-GVTTNNVDQTCPF-EGKPSFYRNLNWIQGN-S--GLP-FNIEIKNPTSNPLLLLWGIHNTKDAAQQRNLYGNDYSYTIFNFGEKSEEFRPDIGQRDEIKAHQDRIDYYWGSLPAQSTLRIESTGNLIAPEYGFYYKRKEGKGGLMKSKLPI-SDCSTKCQTPLGALNSTLPFQNVHQQTIGNCPKYVKATSLMLATGLRNNP--
4hf5,A,H2N2,human,Japan,1957,2,2,GDQICIGYHANNSTEKVDTILERNVTVTHAKDILEKTHNGKLCKLNGIPPLELGDCSIAGWLLGNPECDRLLSVPEWSYIMEKENPRDGLCYPGSFNDYEELKHLLSSVKHFEKVKILPK-DRW-TQHTTT-GGSRACAV-SGNPSFFRNMVWLTEKGS--NYPVAKGSYNNTSGEQMLIIWGVHHPNDETEQRTLYQNVGTYVSVGTSTLNKRSTPEIATRPKVNGQGGRMEFSWTLLDMWDTINFESTGNLIAPEYGFKIS-KRGSSGIMKTEGTL-ENCETKCQTPLGAINTTLPFHNVHPLTIGECPKYVKSEKLVLATGLRNVP--
4hfu,A,H2N2,human,Japan,1957,2,2,GDQICIGYHANNSTEKVDTILERNVTVTHAKDILEKTHNGKLCKLNGIPPLELGDCSIAGWLLGNPECDRLLSVPEWSYIMEKENPR--LCYPGSFNDYEELKYLLSSVKHFEKVKILPK-DRW-TQHTTT-GGSRACAV-SGNPSFFRNMVWLTKKGS--DYPVAKGSYNNTSGEQMLIIWGVHHPNDETEQRTLYQNVGTYVSVGTSTLNKRSTPEIATRPKVNGLGSRMEFSWTLLDMWDTINFESTGNLIAPEYGFKIS-KRGSSGIMKTEGTL-ENCETKCQTPLGAINTTLPFHNVHPLTIGECPRYVKSEKLVLATGLRNVP--
4hg4,A,H2N2,human,Japan,1957,2,2,GDQICIGYHANNSTEKVDTILERNVTVTHAKDILEKTHNGKLCKLNGIPPLELGDCSIAGWLLGNPECDRLLSVPEWSYIMEKENPRDGLCYPGSFNDYEELKYLLSSVKHFEKVKILPK-DRW-TQHTTT-GGSRACAV-SGNPSFFRNMVWLTKKGS--DYPVAKGSYNNTSGEQMLIIWGVHHPNDETEQRTLYQNVGTYVSVGTSTLNKRSTPEIATRPKVNGLGSRMEFSWTLLDMWDTINFESTGNLIAPEYGFKIS-KRGSSGIMKTEGTL-ENCETKCQTPLGAINTTLPFHNVHPLTIGECPRYVKSEKLVLATGLRNVP--
4hlz,A,H2N2,human,Japan,1957,2,2,GDQICIGYHANNSTEKVDTILERNVTVTHAKDILEKTHNGKLCKLNGIPPLELGDCSIAGWLLGNPECDRLLSVPEWSYIMEKENPRDGLCYPGSFNDYEELKHLLSSVKHFEKVKILPK-DRW-TQHTTT-GGSRACAV-SGNPSFFRNMVWLTEKGS--NYPVAKGSYNNTSGEQMLIIWGVHHPNDETEQRTLYQNVGTYVSVGTSTLNKRSTPEIATRPKVNGQGGRMEFSWTLLDMWDTINFESTGNLIAPEYGFKIS-KRGSSGIMKTEGTL-ENCETKCQTPLGAINTTLPFHNVHPLTIGECPKYVKSEKLVLATGLRNVP--
4hmg,A,H3N2,human,Aichi,1968,3,2,TATLCLGHHAVPNGTLVKTITDDQIEVTNATELVQSSSTGKICNN-PHRILDGIDCTLIDALLGDPHCDVFQNE-TWDLFVERSKAFS-NCYPYDVPDYASLRSLVASSGTLEFITEG---FTW-T-GVTQNGGSNACKR-GPGSGFFSRLNWLTKSGS--TYPVLNVTMPNNDNFDKLYIWGIHHPSTNQEQTSLYVQASGRVTVSTRRSQQTIIPNIGSRPWVRGQSSRISIYWTIVKPGDVLVINSNGNLIAPRGYFKM--RTGKSSIMRSDAPI-DTCISECITPNGSIPNDKPFQNVNKITYGACPKYVKQNTLKLATGMRNVP--
4i78,A,H17N10,bat,Guatemala,2010,17,10,-DRICIGYQANQNNQTVNTLLEQNVPVTGAQEILETNHNGKLCSLNGVPPLDLQSCTLAGWLLGNPNCDNLLEAEEWSYIKINENAPDDLCFPGNFENLQDLLLEMSGVQNFTKVKLFNP-QSM-T-GVTTNNVDQTCPF-EGKPSFYRNLNWIQGN-S--GLP-FNIEIKNPTSNPLLLLWGIHNTKDAAQQRNLYGNDYSYTIFNFGEKSEEFRPDIGQRDEIKAHQDRIDYYWGSLPAQSTLRIESTGNLIAPEYGFYYKRKEGKGGLMKSKLPI-SDCSTKCQTPLGALNSTLPFQNVHQQTIGNCPKYVKATSLMLATGLRNNP--
4jtv,A,H1N1,human,California,2009,1,1,-DTLCIGYHANNSTDTVDTVLEKNVTVTHSVNLLEDKHNGKLCKLRGVAPLHLGKCNIAGWILGNPECESLSTASSWSYIVETPSSDNGTCYPGDFIDYEELREQLSSVSSFERFEIFPKTSSW-PNHDSNKGVTAACPH-AGAKSFYKNLIWLVKKGN--SYPKLSKSYINDKGKEVLVLWGIHHPSTSADQQSLYQNADTYVFVGSSRYSKKFKPEIAIRPKVRDQEGRMNYYWTLVEPGDKITFEATGNLVVPRYAFAME-RNAGSGIIISDTPV-HDCNTTCQTPKGAINTSLPFQNIHPITIGKCPKYVKSTKLRLATGLRNI---
4jtx,A,H1N1,human,California,2009,1,1,RDTLCIGYHANNSTDTVDTVLEKNVTVTHSVNLLEDKHNGKLCKLRGVAPLHLGKCNIAGWILGNPECESLSTASSWSYIVETPSSDNGTCYPGDFIDYEELREQLSSVSSFERFEIFPKTSSW-PNHDSNKGVTAACPH-AGAKSFYKNLIWLVKKGN--SYPKLSKSYINDKGKEVLVLWGIHHPSTSADQQSLYQNADTYVFVGSSRYSKKFKPEIAIRPKVREQEGRMNYYWTLVEPGDKITFEATGNLVVPRYAFAME-RNAGSGIIISDTPV-HDCNTTCQTPKGAINTSLPFQNIHPITIGKCPKYVKSTKLRLATGLRNIP--
4ju0,A,H1N1,human,California,2009,1,1,-DTLCIGYHANNSTDTVDTVLEKNVTVTHSVNLLEDKHNGKLCKLRGVAPLHLGKCNIAGWILGNPECESLSTASSWSYIVETPSSDNGTCYPGDFIDYEELREQLSSVSSFERFEIFPKTSSW-PNHDSNKGVTAACPH-AGAKSFYKNLIWLVKKGN--SYPKLSKSYINDKGKEVLVLWGIHHPSTSADQQSLYQNADTYVFVGSSRYSKKFKPEIAIRPKVREQEGRMNYYWTLVEPGDKITFEATGNLVVPRYAFAME-RNAGSGIIISDTPV-HDCNTTCQTPKGAINTSLPFQNIHPITIGKCPKYVKSTKLRLATGLRNIP--
4jug,A,H1N1,human,BrevigMission,1918,1,1,-DTICIGYHANNSTDTVDTVLEKNVTVTHSVNLLEDSHNGKLCKLKGIAPLQLGKCNIAGWLLGNPECDLLLTASSWSYIVETSNSENGTCYPGDFIDYEELREQLSSVSSFEKFEIFPKTSSW-PNHETTKGVTAACSY-AGASSFYRNLLWLTKKGS--SYPKLSKSYVNNKGKEVLVLWGVHHPPTGTDQQSLYQNADAYVSVGSSKYNRRFTPEIAARPKVRGQAGRMNYYWTLLEPGDTITFEATGNLIAPWYAFALN-RGSGSGIITSDAPV-HDCNTKCQTPHGAINSSLPFQNIHPVTIGECPKYVRSTKLRMATGLRNIP--
4juh,A,H1N1,human,BrevigMission,1918,1,1,-DTICIGYHANNSTDTVDTVLEKNVTVTHSVNLLEDSHNGKLCKLKGIAPLQLGKCNIAGWLLGNPECDLLLTASSWSYIVETSNSENGTCYPGDFIDYEELREQLSSVSSFEKFEIFPKTSSW-PNHETTKGVTAACSY-AGASSFYRNLLWLTKKGS--SYPKLSKSYVNNKGKEVLVLWGVHHPPTGTDQQSLYQNADAYVSVGSSKYNRRFTPEIAARPKVRGQAGRMNYYWTLLEPGDTITFEATGNLIAPWYAFALN-RGSGSGIITSDAPV-HDCNTKCQTPHGAINSSLPFQNIHPVTIGECPKYVRSTKLRMATGLRNIP--
4juj,A,H1N1,human,BrevigMission,1918,1,1,-DTICIGYHANNSTDTVDTVLEKNVTVTHSVNLLEDSHNGKLCKLKGIAPLQLGKCNIAGWLLGNPECDLLLTASSWSYIVETSNSENGTCYPGDFIDYEELREQLSSVSSFEKFEIFPKTSSW-PNHETTKGVTAACSY-AGASSFYRNLLWLTKKGS--SYPKLSKSYVNNKGKEVLVLWGVHHPPTGTDQQSLYQNADAYVSVGSSKYNRRFTPEIAARPKVRGQAGRMNYYWTLLEPGDTITFEATGNLIAPWYAFALN-RGSGSGIITSDAPV-HDCNTKCQTPHGAINSSLPFQNIHPVTIGECPKYVRSTKLRMATGLRNIP--
4juk,A,H5N1,avian,HongKong,2007,5,1,-DHICIGYHANNSTEQVDTIMEKNVTVTHAQDILEKTHNGKLCDLNGVKPLILKDCSVAGWLLGNPMCDEFINVPEWSYIVEKANPANDLCYPGNFNDYEELKHLLSRINHFEKIQIIPK-DSW-SDHEASLGVSSACPY-QGNSSFFRNVVWLIKKGN--AYPTIKKSYNNTNQEDLLVLWGIHHPNDEAEQTRLYQNPTTYISIGTSTLNQRLVPKIATRSKVNGQSGRIDFFWTILKPNDAINFESNGNFIAPEYAYKIV-KKGDSTIMKSEVEY-GNCNTRCQTPMGAINSSMPFHNIHPLTIGECPKYVKSNKLVLATGLRNS---
4jul,A,H5N1,avian,Laos,2006,5,1,GDQICIGYHANNSTEQVDTIMEKNVTVTHAQDILEKTHNGKLCDLDGVKPLILRDCSVAGWLLGNPMCDEFINVPEWSYIVEKANPANDLCYPGNFNDYEELKHLLSRINHFEKIQIIPK-SSW-SDHEASSGVSSACPY-QGTPSFFRNVVWLIKKNN--TYPTIKRSYNNTNQEDLLILWGIHHSNDAAEQTKLYQNPTTYISVGTSTLNQRLVPKIATRSKVNGQSGRMDFFWTILKPNDAINFESNGNFIAPEYAYKIV-KKGDSAIIKSEVEY-GNCNTKCQTPIGAINSSMPFHNIHPLTIGECPKYVKSNKLVLATGLRNS---
4jum,A,H5N1,avian,Guiyang,2006,5,1,GDQICIGYHANNSTVQVDTIMEKNVTVTHAQDILEKTHNGKLCSLDGVKPLILRDCSVAGWLLGNPMCDEFINVPEWSYIVEKASPANDLCYPGDFNDYEELKHLLSRINHFEKIQIIPK-SSW-PNHEASLGVSSACPY-LGESSFFRNVVWLIKKNS--SYPTIKRSYNNTNQEDLLVLWGIHHPNDAAEQIKLYQNPNTYISVGTSTLNQRLVPTIATRSKVNGQSGRMEFFWTILKPNDAINFESNGNFIAPEYAYKIV-KKGDSAIMKSELEY-GNCNTKCQTPMGAINSSMPFHNIHPLTIGECPKYVKSNRLVLATGLRNT---
4jun,A,H5N1,avian,Guangxi,2004,5,1,GDQICIGYHANNSTEQVDTIMEKNVTVTHAQDILEKTHNGKLCDLDGVKPLILRDCSVAGWLLGNPICDEFINVPEWSYIVEKASPANDLCYPGDFNDYEELKHLLSRINHFEKIQIIPK-SSW-SNHEASSGVSSACPY-QGRPSFFRNVVWLIKKNS--AYPTIKRSYNNTSQEDLLVLWGIHHPNDAAEQTKLYQNPTTYISVGTSTLNQRLVPRIATRSKVNGQSGRMEFFWTILKPNDAINFESNGNFIAPEYAYKIV-KKGDSAIMKSELEY-GNCNTKCQTPMGAINSSMPFHNIHPLTIGECPKYVKSSRLVLATGLRNS---
4k62,A,H5N1,human,Indonesia,2005,5,1,QDQICIGYHANNSTEQVDTIMEKNVTVTHAQDILEKTHNGKLCDLDGVKPLILRDCSVAGWLLGNPMCDEFINVPEWSYIVEKANPTNDLCYPGSFNDYEELKHLLSRINHFEKIQIIPK-SSW-SDHEASSGVSSACPY-LGSPSFFRNVVWLIKKNS--TYPTIKKSYNNTNQEDLLVLWGIHHPNDAAEQTRLYQNPTTYISIGTSTLNQRLVPKIATRSKVNGQSGRMEFFWTILKPNDAINFESNGNFIAPEYAYKIV-KKGDSAIMKSELEY-GNCNTKCQTPMGAINSSMPFHNIHPLTIGECPKYVKSNRLVLATGLRNS---
4k63,A,H5N1,human,Indonesia,2005,5,1,QDQICIGYHANNSTEQVDTIMEKNVTVTHAQDILEKTHNGKLCDLDGVKPLILRDCSVAGWLLGNPMCDEFINVPEWSYIVEKANPTNDLCYPGSFNDYEELKHLLSRINHFEKIQIIPK-SSW-SDHEASSGVSSACPY-LGSPSFFRNVVWLIKKNS--TYPTIKKSYNNTNQEDLLVLWGIHHPNDAAEQTRLYQNPTTYISIGTSTLNQRLVPKIATRSKVNGQSGRMEFFWTILKPNDAINFESNGNFIAPEYAYKIV-KKGDSAIMKSELEY-GNCNTKCQTPMGAINSSMPFHNIHPLTIGECPKYVKSNRLVLATGLRNS---
4k64,A,H5N1,human,Indonesia,2005,5,1,QDQICIGYHANNSTEQVDTIMEKNVTVTHAQDILEKTHNGKLCDLDGVKPLILRDCSVAGWLLGNPMCDEFINVPEWSYIVEKANPTNDLCYPGSFNDYEELKHLLSRINHFEKIQIIPK-SSW-SDHEASSGVSSACPY-LGSPSFFRNVVWLIKKNS--TYPTIKKSYNNTNQEDLLVLWGIHHPNDAAEQTRLYQNPTTYISIGTSTLNQRLVPKIATRSKVNGQSGRMEFFWTILKPNDAINFESNGNFIAPEYAYKIV-KKGDSAIMKSELEY-GNCNTKCQTPMGAINSSMPFHNIHPLTIGECPKYVKSNRLVLATGLRNS---
4k65,A,H5N1,human,Indonesia,2005,5,1,QDQICIGYHANNSTEQVDTIMEKNVTVTHAQDILEKTHNGKLCDLDGVKPLILRDCSVAGWLLGNPMCDEFINVPEWSYIVEKANPTNDLCYPGSFNDYEELKYLLSRINHFEKIQIIPK-SSW-SDHEASSGVSSACPY-LGSPSFFRNVVWLIKKNS--AYPTIKKSYNNTNQEDLLVLWGIHHPNDAAEQTRLYQNPTTYISIGTSTLNQRLVPKIATRSKVNGLSSRMEFFWTILKPNDAINFESNGNFIAPEYAYKIV-KKGDSAIMKSELEY-GNCNTKCQTPMGAINSSMPFHNIHPLTIGECPKYVKSNRLVLATGLRNS---
4k66,A,H5N1,human,Indonesia,2005,5,1,QDQICIGYHANNSTEQVDTIMEKNVTVTHAQDILEKTHNGKLCDLDGVKPLILRDCSVAGWLLGNPMCDEFINVPEWSYIVEKANPTNDLCYPGSFNDYEELKYLLSRINHFEKIQIIPK-SSW-SDHEASSGVSSACPY-LGSPSFFRNVVWLIKKNS--AYPTIKKSYNNTNQEDLLVLWGIHHPNDAAEQTRLYQNPTTYISIGTSTLNQRLVPKIATRSKVNGLSSRMEFFWTILKPNDAINFESNGNFIAPEYAYKIV-KKGDSAIMKSELEY-GNCNTKCQTPMGAINSSMPFHNIHPLTIGECPKYVKSNRLVLATGLRNS---
4k67,A,H5N1,human,Indonesia,2005,5,1,QDQICIGYHANNSTEQVDTIMEKNVTVTHAQDILEKTHNGKLCDLDGVKPLILRDCSVAGWLLGNPMCDEFINVPEWSYIVEKANPTNDLCYPGSFNDYEELKYLLSRINHFEKIQIIPK-SSW-SDHEASSGVSSACPY-LGSPSFFRNVVWLIKKNS--AYPTIKKSYNNTNQEDLLVLWGIHHPNDAAEQTRLYQNPTTYISIGTSTLNQRLVPKIATRSKVNGLSSRMEFFWTILKPNDAINFESNGNFIAPEYAYKIV-KKGDSAIMKSELEY-GNCNTKCQTPMGAINSSMPFHNIHPLTIGECPKYVKSNRLVLATGLRNS---
4kdm,A,H5N1,human,VietNam,2004,5,1,-DQICIGYHANNSTEQVDTIMEKNVTVTHAQDILEKKHNGKLCDLDGVKPLILRDCSVAGWLLGNPMCDEFINVPEWSYIVEKANPVNDLCYPGDFNDYEELKHLLSRINHFEKIQIIPK-SSW-SSHEASLGVSSACPY-QGKSSFFRNVVWLIKKDS--TYPTIKRSYNNTNQEDLLVLWGIHHPNDAAEQTKLYQNPTTYISVGTSTLNQRLVPRIATRSKVKGLSGRMEFFWTILKPNDAINFESNGNFIAPEYAYKIV-KKGDSTIMKSELEY-GNCNTKCQTPMGAINSSMPFHNIHPLTIGECPKYVKSNRLVLAIGLRNSP--
4kdn,A,H5N1,human,VietNam,2004,5,1,-DQICIGYHANNSTEQVDTIMEKNVTVTHAQDILEKKHNGKLCDLDGVKPLILRDCSVAGWLLGNPMCDEFINVPEWSYIVEKANPVNDLCYPGDFNDYEELKHLLSRINHFEKIQIIPK-SSW-SSHEASLGVSSACPY-QGKSSFFRNVVWLIKKDS--TYPTIKRSYNNTNQEDLLVLWGIHHPNDAAEQTKLYQNPTTYISVGTSTLNQRLVPRIATRSKVKGLSGRMEFFWTILKPNDAINFESNGNFIAPEYAYKIV-KKGDSTIMKSELEY-GNCNTKCQTPMGAINSSMPFHNIHPLTIGECPKYVKSNRLVLAIGLRNSP--
4kdo,A,H5N1,human,VietNam,2004,5,1,-DQICIGYHANNSTEQVDTIMEKNVTVTHAQDILEKKHNGKLCDLDGVKPLILRDCSVAGWLLGNPMCDEFINVPEWSYIVEKANPVNDLCYPGDFNDYEELKHLLSRINHFEKIQIIPK-SSW-SSHEASLGVSSACPY-QGKSSFFRNVVWLIKKDS--TYPTIKRSYNNTNQEDLLVLWGIHHPNDAAEQTKLYQNPTTYISVGTSTLNQRLVPRIATRSKVKGLSGRMEFFWTILKPNDAINFESNGNFIAPEYAYKIV-KKGDSTIMKSELEY-GNCNTKCQTPMGAINSSMPFHNIHPLTIGECPKYVKSNRLVLAIGLRNSP--
4kdq,A,H5N1,human,Xinjiang,2006,5,1,SDQICIGYHANNSTEQVDTIMEKNVTVTHAQDILEKTHNGKLCDLDGVKPLILRDCSVAGWLLGNPMCDEFLNVPEWSYIVEKINPVNDLCYPGNFNDYEELKHLLSRINHFEKIQIIPK-SSW-SDHEASSGVSSACPY-QGRSSFFRNVVWLIKKNN--TYPTIKRSYNNTNQEDLLVLWGIHHPNDAAEQTRLYQNPTTYISVGTSTLNQRLVPKLATRSKVNGQSGRMEFFWTILKPNDAINFESNGNFIAPENAYKIV-KKGDSTIMKSELEY-GNCNTKCQTPIGAINSSMPFHNIHPLTIGECPKYVKSNRLVLATGLRNS---
4kon,A,H7N9,human,Anhui, 2013,7,9,---ICLGHHAVSNGTKVNTLTERGVEVVNATETVERTNIPRICSK-GKRTVDLGQCGLLGTITGPPQCDQFLEF-SADLIIERREGSD-VCYPGKFVNEEALRQILRESGGIDKEAMG---FTY-S-GIRTNGATSACRR-SG-SSFYAEMKWLLSNTDNAAFPQMTKSYKNTRKSPALIVWGIHHSVSTAEQTKLYGSGNKLVTVGSSNYQQSFVPSPGARPQVNGLSGRIDFHWLMLNPNDTVTFSFNGAFIAPDRASFL---RGKSMGIQSGVQVDANCEGDCYHSGGTIISNLPFQNIDSRAVGKCPRYVKQRSLLLATGMKNVP--
4kpq,A,H13N6,avian,Maryland,1977,13,6,QDRICVGYLSTNSSERVDTLLENGVPVTSSIDLIETNHTGTYCSLNGVSPVHLGDCSFEGWIVGNPACTSNFGIREWSYLIEDPAAPHGLCYPGELNNNGELRHLFSGIRSFSRTELIPP-TSW-G--EVLDGTTSACRDNTGTNSFYRNLVWFIKKNN--RYPVISKTYNNTTGRDVLVLWGIHHPVSVDETKTLYVNSDPYTLVSTKSWSEKYKLETGVRPGYNGQRSWMKIYWSLIHPGEMITFESNGGFLAPRYGYIIE-EYGKGRIFQSRIRM-SRCNTKCQTSVGGINTNRTFQNIDKNALGDCPKYIKSGQLKLATGLRNVP--
4kps,A,H13N6,avian,Maryland,1977,13,6,QDRICVGYLSTNSSERVDTLLENGVPVTSSIDLIETNHTGTYCSLNGVSPVHLGDCSFEGWIVGNPACTSNFGIREWSYLIEDPAAPHGLCYPGELNNNGELRHLFSGIRSFSRTELIPP-TSW-G--EVLDGTTSACRDNTGTNSFYRNLVWFIKKNN--RYPVISKTYNNTTGRDVLVLWGIHHPVSVDETKTLYVNSDPYTLVSTKSWSEKYKLETGVRPGYNGQRSWMKIYWSLIHPGEMITFESNGGFLAPRYGYIIE-EYGKGRIFQSRIRM-SRCNTKCQTSVGGINTNRTFQNIDKNALGDCPKYIKSGQLKLATGLRNVP--
4kth,A,H5N1,human,Hubei,2010,5,1,GDHICIGYHANNSTEQVDTIMEKNVTVTHAQDILEKTHNGKLCDLNGVKPLILKDCSVAGWLLGNPMCDEFINVPEWSYIVEKANPANDLCYPGNFNDYEELKHLLSRINHFEKIQIIPK-NSW-SDHEASLGVSAACPY-QGKSSFFRNVVWLIKKDN--AYPTIKKGYNNTNQEDLLVLWGIHHPNDEAEQTRLYQNPTTYISIGTSTLNQRLVPKIATRSKINGQSGRIDFFWTILKPNDAIHFESNGNFIAPEYAYKIV-KKGDSTIMKSEVEY-GNCNTRCQTPIGAINSSMPFHNIHPLTIGECPKYVKSNKLVLATGLRNSP--
4kvn,A,H3N2,human,Perth,2009,3,2,-ATLCLGHHAVPNGTIVKTITNDQIEVTNATELVQSSSTGEICDS-PHQILDGKNCTLIDALLGDPQCDGFQNK-KWDLFVERSKAYS-NCYPYDVPDYASLRSLVASSGTLEFNNES---FNW-T-GVTQNGTSSACIR-RSKNSFFSRLNWLTHLNF--KYPALNVTMPNNEQFDKLYIWGVHHPGTDKDQIFLYAQASGRITVSTKRSQQTVSPNIGSRPRVRNIPSRISIYWTIVKPGDILLINSTGNLIAPRGYFKI--RSGKSSIMRSDAPI-GKCNSECITPNGSIPNDKPFQNVNRITYGACPRYVKQNTLKLATGMRNVP--
4kw1,A,H5N1,reassortant,Egypt/Puerto_Rico,2010/1934,5,1,-DQICIGYHANNSTEQVDTIMEKNVTVTHAQDILEKTHNGKLCNLDGVKPLILRDCSVAGWLLGNPMCDEFLNVPEWSYIVEKINPANDLCYPGNFNDYEELKHLLSRINHFEKIQIIPK-SSW-SDHEAS-GVSSVCPY-QGRSSFFRNVVWLTKKDN--AYPTIKRSYNNTNQEDLLVLWGIHHPNDAAEQTRLYQNPTTYISVGTSTLNQRLVPKIATRSKVNGQSGRMEFFWTILKSNDAINFESNGNFIAPENAYKIV-KKGDSTIMKSELEY-GNCNTKCQTPIGAINSSMPFHNIHPLTIGECPKYVKSNRLVLATGLRNSP--
4kwm,A,H5N1,avian,Anhui,2007,5,1,GDQICIGYHANNSTEQVDTIMEKNVTVTHAQDILEKTHNGKLCDLDGVKPLILRDCSVAGWLLGNPMCDEFINVPEWSYIVEKANPANDLCYPGNFNDYEELKHLLSRINHFEKIQIIPK-SSW-SDHEASSGVSSACPY-QGTPSFFRNVVWLIKKNN--TYPTIKRSYNNTNQEDLLILWGIHHSNDAAEQTKLYQNPTTYISVGTSTLNQRLVPKIATRSKVNGQSGRMDFFWTILKPNDAINFESNGNFIAPEYAYKIV-KKGDSAIVKSEVEY-GNCNTKCQTPIGAINSSMPFHNIHPLTIGECPKYVKSNKLVLATGLRNSP--
4lcx,A,H7N9,human,Shanghai,2013,7,9,-DKICLGHHAVSNGTKVNTLTERGVEVVNATETVERTNIPRICSK-GKRTVDLGQCGLLGTITGPPQCDQFLEF-SADLIIERREGSD-VCYPGKFVNEEALRQILRESGGIDKEAMG---FTY-S-GIRTNGATSSCRR-SG-SSFYAEMKWLLSNTDNAAFPQMTKSYKNTRKNPALIVWGIHHSGSTAEQTKLYGSGNKLVTVGSSNYQQSFVPSPGARTQVNGQSGRIDFHWLMLNPNDTVTFSFNGAFIAPDRASFL---RGKSMGIQSGVQVDADCEGDCYYSGGTIISNLPFQNIDSRAVGKCPRYVKQRSLLLATGMKNVP--
4lkg,A,H7N9,human,Shanghai,2013,7,9,-DKICLGHHAVSNGTKVNTLTERGVEVVNATETVERTNIPRICSK-GKRTVDLGQCGLLGTITGPPQCDQFLEF-SADLIIERREGSD-VCYPGKFVNEEALRQILRESGGIDKEAMG---FTY-S-GIRTNGATSSCRR-SG-SSFYAEMKWLLSNTDNAAFPQMTKSYKNTRKNPALIVWGIHHSGSTAEQTKLYGSGNKLVTVGSSNYQQSFVPSPGARTQVNGQSGRIDFHWLMLNPNDTVTFSFNGAFIAPDRASFL---RGKSMGIQSGVQVDADCEGDCYYSGGTIISNLPFQNIDSRAVGKCPRYVKQRSLLLATGMKNVP--
4lkh,A,H7N9,human,Shanghai,2013,7,9,-DKICLGHHAVSNGTKVNTLTERGVEVVNATETVERTNIPRICSK-GKRTVDLGQCGLLGTITGPPQCDQFLEF-SADLIIERREGSD-VCYPGKFVNEEALRQILRESGGIDKEAMG---FTY-S-GIRTNGATSSCRR-SG-SSFYAEMKWLLSNTDNAAFPQMTKSYKNTRKNPALIVWGIHHSGSTAEQTKLYGSGNKLVTVGSSNYQQSFVPSPGARTQVNGQSGRIDFHWLMLNPNDTVTFSFNGAFIAPDRASFL---RGKSMGIQSGVQVDADCEGDCYYSGGTIISNLPFQNIDSRAVGKCPRYVKQRSLLLATGMKNVP--
4lki,A,H7N9,human,Anhui,2013,7,9,---ICLGHHAVSNGTKVNTLTERGVEVVNATETVERTNIPRICSK-GKRTVDLGQCGLLGTITGPPQCDQFLEF-SADLIIERREGSD-VCYPGKFVNEEALRQILRESGGIDKEAMG---FTY-S-GIRTNGATSACRR-SG-SSFYAEMKWLLSNTDNAAFPQMTKSYKNTRKSPALIVWGIHHSVSTAEQTKLYGSGNKLVTVGSSNYQQSFVPSPGARPQVNGQSGRIDFHWLMLNPNDTVTFSFNGAFIAPDRASFL---RGKSMGIQSGVQVDANCEGDCYHSGGTIISNLPFQNIDSRAVGKCPRYVKQRSLLLATGMKNVP--
4lkj,A,H7N9,human,Anhui,2013,7,9,---ICLGHHAVSNGTKVNTLTERGVEVVNATETVERTNIPRICSK-GKRTVDLGQCGLLGTITGPPQCDQFLEF-SADLIIERREGSD-VCYPGKFVNEEALRQILRESGGIDKEAMG---FTY-S-GIRTNGATSACRR-SG-SSFYAEMKWLLSNTDNAAFPQMTKSYKNTRKSPALIVWGIHHSVSTAEQTKLYGSGNKLVTVGSSNYQQSFVPSPGARPQVNGQSGRIDFHWLMLNPNDTVTFSFNGAFIAPDRASFL---RGKSMGIQSGVQVDANCEGDCYHSGGTIISNLPFQNIDSRAVGKCPRYVKQRSLLLATGMKNVP--
4lkk,A,H7N9,human,Anhui,2013,7,9,---ICLGHHAVSNGTKVNTLTERGVEVVNATETVERTNIPRICSK-GKRTVDLGQCGLLGTITGPPQCDQFLEF-SADLIIERREGSD-VCYPGKFVNEEALRQILRESGGIDKEAMG---FTY-S-GIRTNGATSACRR-SG-SSFYAEMKWLLSNTDNAAFPQMTKSYKNTRKSPALIVWGIHHSVSTAEQTKLYGSGNKLVTVGSSNYQQSFVPSPGARPQVNGQSGRIDFHWLMLNPNDTVTFSFNGAFIAPDRASFL---RGKSMGIQSGVQVDANCEGDCYHSGGTIISNLPFQNIDSRAVGKCPRYVKQRSLLLATGMKNVP--
4ln3,A,H7N9,human,Shanghai,2013,7,9,GDKICLGHHAVSNGTKVNTLTERGVEVVNATETVERTNIPRICSK-GKRTVDLGQCGLLGTITGPPQCDQFLEF-SADLIIERREGSD-VCYPGKFVNEEALRQILRESGGIDKEAMG---FTY-S-GIRTNGATSSCRR-SG-SSFYAEMKWLLSNTDNAAFPQMTKSYKNTRKNPALIVWGIHHSGSTAEQTKLYGSGNKLVTVGSSNYQQSFVPSPGARTQVNGQSGRIDFHWLMLNPNDTVTFSFNGAFIAPDRASFL---RGKSMGIQSGVQVDADCEGDCYYSGGTIISNLPFQNIDSRAVGKCPRYVKQRSLLLATGMKNVP--
4ln4,A,H7N9,human,Shanghai,2013,7,9,GDKICLGHHAVSNGTKVNTLTERGVEVVNATETVERTNIPRICSK-GKRTVDLGQCGLLGTITGPPQCDQFLEF-SADLIIERREGSD-VCYPGKFVNEEALRQILRESGGIDKEAMG---FTY-S-GIRTNGATSSCRR-SG-SSFYAEMKWLLSNTDNAAFPQMTKSYKNTRKNPALIVWGIHHSGSTAEQTKLYGSGNKLVTVGSSNYQQSFVPSPGARTQVNGQSGRIDFHWLMLNPNDTVTFSFNGAFIAPDRASFL---RGKSMGIQSGVQVDADCEGDCYYSGGTIISNLPFQNIDSRAVGKCPRYVKQRSLLLATGMKNVP--
4ln6,A,H7N9,human,Shanghai,2013,7,9,-DKICLGHHAVSNGTKVNTLTERGVEVVNATETVERTNIPRICSK-GKRTVDLGQCGLLGTITGPPQCDQFLEF-SADLIIERREGSD-VCYPGKFVNEEALRQILRESGGIDKEAMG---FTY-S-GIRTNGATSACRR-SG-SSFYAEMKWLLSNTDNAAFPQMTKSYKNTRKSPALIVWGIHHSVSTAEQTKLYGSGNKLVTVGSSNYQQSFVPSPGARPQVNGLSGRIDFHWLMLNPNDTVTFSFNGAFIAPDRASFL---RGKSMGIQSGVQVDANCEGDCYHSGGTIISNLPFQNIDSRAVGKCPRYVKQRSLLLATGMKNVP--
4ln8,A,H7N9,human,Shanghai,2013,7,9,-DKICLGHHAVSNGTKVNTLTERGVEVVNATETVERTNIPRICSK-GKRTVDLGQCGLLGTITGPPQCDQFLEF-SADLIIERREGSD-VCYPGKFVNEEALRQILRESGGIDKEAMG---FTY-S-GIRTNGATSACRR-SG-SSFYAEMKWLLSNTDNAAFPQMTKSYKNTRKSPALIVWGIHHSVSTAEQTKLYGSGNKLVTVGSSNYQQSFVPSPGARPQVNGLSGRIDFHWLMLNPNDTVTFSFNGAFIAPDRASFL---RGKSMGIQSGVQVDANCEGDCYHSGGTIISNLPFQNIDSRAVGKCPRYVKQRSLLLATGMKNVP--
4lvh,A,H1N1,human,Korea,2009,1,1,-------------------------------------------------PLHLGKCNIAGWILGNPECESLSTASSWSYIVETSSSDNGTCYPGDFIDYEELREQLSSVSSFERFEIFPKTSSW-PNHDSNKGVTAACPH-AGAKSFYKNLIWLVKKGN--SYPKLSKSYINDKGKEVLVLWGIHHPSTSADQQSLYQNADAYVFVGSSRYSKKFKPEIAIRPKVRDQEGRMNYYWTLVEPGDKITFEATGNLVVPRYAFAME-RNAGSGIIISDT-------------------------------------------------------
4lxv,A,H1N1,human,Tottori,2011,1,1,SDTLCIGYHANNSTDTVDTVLEKNVTVTHSVNLLEDKHNGKLCKLRGVAPLHLGKCNIAGWILGNPECESLSTASSWSYIVETSSSDNGTCYPGDFIDYEELREQLSSVSSFERFEIFPKTSSW-PNHDSNKGVTAACPH-AGAKGFYKNLIWLVKKGN--SYPKLSKSYINDKGKEVLVLWGIHHPSTTADQQSLYQNADTYVFVGTSRYSKKFKPEIAIRPKVRDQEGRMNYYWTLVEPGDKITFEATGNLVVPRYAFAME-RNAGSGIIISDTPV-HDCNTTCQTPKGAINTSLPFQNIHPITIGKCPKYVKSTKLRLATGLRNVP--
4m4y,A,H1N1,human,California,2009,1,1,GDTLCIGYHANNSTDTVDTVLEKNVTVTHSVNLLEDKHNGKLCKLRGVAPLHLGKCNIAGWILGNPECESLSTASSWSYIVETPSSDNGTCYPGDFIDYEELREQLSSVSSFERFEIFPKTSSW-PNHDSNKGVTAACPH-AGAKSFYKNLIWLVKKGN--SYPKLSKSYINDKGKEVLVLWGIHHPSTSADQQSLYQNADTYVFVGSSRYSKKFKPEIAIRPKVRDQEGRMNYYWTLVEPGDKITFEATGNLVVPRYAFAME-RNAGSGIIISDTPV-HDCNTTCQTPKGAINTSLPFQNIHPITIGKCPKYVKSTKLRLATGLRNIP--
4m5z,A,H1N1,human,Nagasaki,2009,1,1,----------------------------------------------GVAPLHLGKCNIAGWILGNPECE---TASSWSYIVET--SDNGTCYPGDFIDYEELREQLSSVSSFERFEIFPKTSSW-PNHDSNKGVTAACPH-AGAKSFYKNLIWLVKKGN--SYPKLSKSYINDKGKEVLVLWGIHHPSTSADQQSLYQNADAYVFVGSSRYSKKFKPEIAIRPKVRDQEGRMNYYWTLVEPGDKITFEATGNLVVPRYAFAME-RN-----------------------------------------------------------------
4mhi,A,H5N1,avian,Guangdong,1996,5,1,GDQICIGYHANNSTEQVDTIMEKNVTVTHAQDILEKTHNGKLCDLNGVKPLILRDCSVAGWLLGNPMCDEFINVPEWSYIVEKASPANDLCYPGDFNDYEELKHLLSRTNHFEKIQIIPK-SSW-SNHDASSGVSSACPY-HGRSSFFRNVVWLIKKNS--AYPTIKRSYNNTNQEDLLVLWGIHHPNDAAEQTKLYQNPTTYISVGTSTLNQRLVPEIATRPKVNGQSGRMEFFWTILKPNDAINFESNGNFIAPEYAYKIV-KKGDSAIMKSELEY-GNCNTKCQTPMGAINSSMPFHNIHPLTIGECPKYVKSNRLVLATGLRNTP--
4mhj,A,H5N1,avian,Guangdong,1996,5,1,GDQICIGYHANNSTEQVDTIMEKNVTVTHAQDILEKTHNGKLCDLNGV-PLILRDCSVAGWLLGNPMCDEFINVPEWSYIVEKASPANDLCYPGDFNDYEELKHLLSRTNHFEKIQIIPK-SSW-SNHDASSGVSSACPY-HGRSSFFRNVVWLIKKNS--AYPTIKRSYNNTNQEDLLVLWGIHHPNDAAEQTKLYQNPTTYISVGTSTLNQRLVPEIATRPKVNGQSGRMEFFWTILKPNDAINFESNGNFIAPEYAYKIV-KKGDSAIMKSELEY-GNCNTKCQTPMGAINSSMPFHNIHPLTIGECPKYVKSNRLVLATGLRNTP--
4n5j,A,H7N9,human,Shanghai,2013,7,9,-DKICLGHHAVSNGTKVNTLTERGVEVVNATETVERTNIPRICSK-GKRTVDLGQCGLLGTITGPPQCDQFLEF-SADLIIERREGSD-VCYPGKFVNEEALRQILRESGGIDKEAMG---FTY-S-GIRTNGATSACRR-SG-SSFYAEMKWLLSNTDNAAFPQMTKSYKNTRKSPALIVWGIHHSVSTAEQTKLYGSGNKLVTVGSSNYQQSFVPSPGARPQVNGLSGRIDFHWLMLNPNDTVTFSFNGAFIAPDRASFL---RGKSMGIQSGVQVDANCEGDCYHSGGTIISNLPFQNIDSRAVGKCPRYVKQRSLLLATGMKNVP--
4n5k,A,H7N9,human,Shanghai,2013,7,9,-DKICLGHHAVSNGTKVNTLTERGVEVVNATETVERTNIPRICSK-GKRTVDLGQCGLLGTITGPPQCDQFLEF-SADLIIERREGSD-VCYPGKFVNEEALRQILRESGGIDKEAMG---FTY-S-GIRTNGATSACRR-SG-SSFYAEMKWLLSNTDNAAFPQMTKSYKNTRKSPALIVWGIHHSVSTAEQTKLYGSGNKLVTVGSSNYQQSFVPSPGARPQVNGLSGRIDFHWLMLNPNDTVTFSFNGAFIAPDRASFL---RGKSMGIQSGVQVDANCEGDCYHSGGTIISNLPFQNIDSRAVGKCPRYVKQRSLLLATGMKNVP--
4n5y,A,H5N1,human,VietNam,2004,5,1,GDQICIGYHANNSTEQVDTIMEKNVTVTHAQDILEKKHNGKLCDLDGVKPLILRDCSVAGWLLGNPMCDEFINVPEWSYIVEKANPVNDLCYPGDFNDYEELKHLLSRINHFEKIQIIPK-SSW-SSHEASLGVSSACPY-QGKSSFFRNVVWLIKKDS--TYPTIKRSYNNTNQEDLLVLWGIHHPNDAAEQTKLYQNPTTYISVGTSTLNQRLVPRIATRSKVKGLSGRMEFFWTILKPNDAINFESNGNFIAPEYAYKIV-KKGDSTIMKSELEY-GNCNTKCQTPMGAINSSMPFHNIHPLTIGECPKYVKSNRLVLATGLRNSP--
4n5z,A,H5N1,human,VietNam,2004,5,1,GDQICIGYHANNSTEQVDTIMEKNVTVTHAQDILEKKHNGKLCDLDGVKPLILRDCSVAGWLLGNPMCDEFINVPEWSYIVEKANPVNDLCYPGDFNDYEELKHLLSRINHFEKIQIIPK-SSW-SSHEASLGVSSACPY-QGKSSFFRNVVWLIKKDS--TYPTIKRSYNNTNQEDLLVLWGIHHPNDAAEQTKLYQNPTTYISVGTSTLNQRLVPRIATRSKVKGLSGRMEFFWTILKPNDAINFESNGNFIAPEYAYKIV-KKGDSTIMKSELEY-GNCNTKCQTPMGAINSSMPFHNIHPLTIGECPKYVKSNRLVLAIGLRNSP--
4n60,A,H7N9,human,Shanghai,2013,7,9,-DKICLGHHAVSNGTKVNTLTERGVEVVNATETVERTNIPRICSK-GKRTVDLGQCGLLGTITGPPQCDQFLEF-SADLIIERREGSD-VCYPGKFVNEEALRQILRESGGIDKEAMG---FTY-S-GIRTNGATSACRR-SG-SSFYAEMKWLLSNTDNAAFPQMTKSYKNTRKSPALIVWGIHHSVSTAEQTKLYGSGNKLVTVGSSNYQQSFVPSPGARPQVNGLSGRIDFHWLMLNPNDTVTFSFNGAFIAPDRASFL---RGKSMGIQSGVQVDANCEGDCYHSGGTIISNLPFQNIDSRAVGKCPRYVKQRSLLLATGMKNVP--
4n61,A,H7N9,human,Shanghai,2013,7,9,-DKICLGHHAVSNGTKVNTLTERGVEVVNATETVERTNIPRICSK-GKRTVDLGQCGLLGTITGPPQCDQFLEF-SADLIIERREGSD-VCYPGKFVNEEALRQILRESGGIDKEAMG---FTY-S-GIRTNGATSACRR-SG-SSFYAEMKWLLSNTDNAAFPQMTKSYKNTRKSPALIVWGIHHSVSTAEQTKLYGSGNKLVTVGSSNYQQSFVPSPGARPQVNGLSGRIDFHWLMLNPNDTVTFSFNGAFIAPDRASFL---RGKSMGIQSGVQVDANCEGDCYHSGGTIISNLPFQNIDSRAVGKCPRYVKQRSLLLATGMKNVP--
4n62,A,H7N9,human,Shanghai,2013,7,9,-DKICLGHHAVSNGTKVNTLTERGVEVVNATETVERTNIPRICSK-GKRTVDLGQCGLLGTITGPPQCDQFLEF-SADLIIERREGSD-VCYPGKFVNEEALRQILRESGGIDKEAMG---FTY-S-GIRTNGATSACRR-SG-SSFYAEMKWLLSNTDNAAFPQMTKSYKNTRKSPALIVWGIHHSVSTAEQTKLYGSGNKLVTVGSSNYQQSFVPSPGARPQVNGLSGRIDFHWLMLNPNDTVTFSFNGAFIAPDRASFL---RGKSMGIQSGVQVDANCEGDCYHSGGTIISNLPFQNIDSRAVGKCPRYVKQRSLLLATGMKNVP--
4n63,A,H7N9,human,Shanghai,2013,7,9,-DKICLGHHAVSNGTKVNTLTERGVEVVNATETVERTNIPRICSK-GKRTVDLGQCGLLGTITGPPQCDQFLEF-SADLIIERREGSD-VCYPGKFVNEEALRQILRESGGIDKEAMG---FTY-S-GIRTNGATSACRR-SG-SSFYAEMKWLLSNTDNAAFPQMTKSYKNTRKSPALIVWGIHHSVSTAEQTKLYGSGNKLVTVGSSNYQQSFVPSPGARPQVNGLSGRIDFHWLMLNPNDTVTFSFNGAFIAPDRASFL---RGKSMGIQSGVQVDANCEGDCYHSGGTIISNLPFQNIDSRAVGKCPRYVKQRSLLLATGMKNVP--
4n64,A,H7N9,human,Shanghai,2013,7,9,-DKICLGHHAVSNGTKVNTLTERGVEVVNATETVERTNIPRICSK-GKRTVDLGQCGLLGTITGPPQCDQFLEF-SADLIIERREGSD-VCYPGKFVNEEALRQILRESGGIDKEAMG---FTY-S-GIRTNGATSACRR-SG-SSFYAEMKWLLSNTDNAAFPQMTKSYKNTRKSPALIVWGIHHSVSTAEQTKLYGSGNKLVTVGSSNYQQSFVPSPGARPQVNGLSGRIDFHWLMLNPNDTVTFSFNGAFIAPDRASFL---RGKSMGIQSGVQVDANCEGDCYHSGGTIISNLPFQNIDSRAVGKCPRYVKQRSLLLATGMKNVP--
4nm8,A,H3N2,human,HongKong,1968,3,2,GATLCLGHHAVPNGTLVKTITDDQIEVTNATELVQSSSTGKICNN-PHRILDGIDCTLIDALLGDPHCDVFQNE-TWDLFVERSKAFS-NCYPYDVPDYASLRSLVASSGTLEFITEG---FTW-T-GVTQNGGSNACKR-GPGSGFFSRLNWLTKSGS--TYPVLNVTMPNNDNFDKLYIWGVHHPSTNQEQTSLYVQASGRVTVSTRRSQQTIIPNIGSRPWVRGLSSRISIYWTIVKPGDVLVINSNGNLIAPRGYFKM--RTGKSSIMRSDAPI-DTCISECITPNGSIPNDKPFQNVNKITYGACPKYVKQNTLKLATGMRNVP--
4o58,A,H3N2,human,Victoria,1975,3,2,GATLCLGHHAVPNGTLVKTITNDQIEVTNATELVQSSSTGKICNN-PHRILDGINCTLIDALLGDPHCDGFQNE-KWDLFVERSKAFS-NCYPYDVPDYASLRSLVASSGTLEFINEG---FNW-T-GVTQNGGSSACKR-GPDSGFFSRLNWLYKSGS--TYPVQNVTMPNNDNSDKLYIWGVHHPSTDKEQTNLYVQASGKVTVSTKRSQQTIIPNVGSRPWVRGLSSRISIYWTIVKPGDILVINSNGNLIAPRGYFKM--RTGKSSIMRSDAPI-GTCSSECITPNGSIPNDKPFQNVNKITYGACPKYVKQNTLKLATGMRNVP--
4o5i,A,H3N2,human,Singapore,2011,3,2,GATLCLGHHAVPNGTIVKTITNDQIEVTNATELVQNSSIGEICDS-PHQILDGENCTLIDALLGDPQCDGFQNK-KWDLFVERSKAYS-NCYPYDVPDYASLRSLVASSGTLEFNNES---FNW-T-GVTQNGTSSACIR-RSNNSFFSRLNWLTHLNF--KYPALNVTMPNNEQFDKLYIWGVHHPGTDKDQIFLYAQSSGRITVSTKRSQQAVIPNIGSRPRIRNIPSRISIYWTIVKPGDILLINSTGNLIAPRGYFKI--RSGKSSIMRSDAPI-GKCNSECITPNGSIPNDKPFQNVNRITYGACPRYVKQSTLKLATGMRNVP--
4o5n,A,H3N2,human,Singapore,2011,3,2,GATLCLGHHAVPNGTIVKTITNDQIEVTNATELVQNSSIGEICDS-PHQILDGENCTLIDALLGDPQCDGFQNK-KWDLFVERSKAYS-NCYPYDVPDYASLRSLVASSGTLEFNNES---FNW-T-GVTQNGTSSACIR-RSNNSFFSRLNWLTHLNF--KYPALNVTMPNNEQFDKLYIWGVHHPGTDKDQIFLYAQSSGRITVSTKRSQQAVIPNIGSRPRIRNIPSRISIYWTIVKPGDILLINSTGNLIAPRGYFKI--RSGKSSIMRSDAPI-GKCNSECITPNGSIPNDKPFQNVNRITYGACPRYVKQSTLKLATGMRNVP--
4py8,A,H1N1,human,BrevigMission,1918,1,1,GDTICIGYHANNSTDTVDTVLEKNVTVTHSVNLLEDSHNGKLCKLKGIAPLQLGKCNIAGWLLGNPECDLLLTASSWSYIVETSNSENGTCYPGDFIDYEELREQLSSVSSFEKFEIFPKTSSW-PNHETTKGVTAACSY-AGASSFYRNLLWLTKKGS--SYPKLSKSYVNNKGKEVLVLWGVHHPPTGTDQQSLYQNADAYVSVGSSKYNRRFTPEIAARPKVRDQAGRMNYYWTLLEPGDTITFEATGNLIAPWYAFALN-RGSGSGIITSDAPV-HDCNTKCQTPHGAINSSLPFQNIHPVTIGECPKYVRSTKLRMATGLRNIP--
4unx,A,H3N8,equine,Newmarket,,3,8,TATLCLGHHAVANGTLVKTITDDQIEVTNATELVQSISIGKICNN-SYRVLDGRNCTLIDAMLGDPHCDDFQYE-NWDLFIERSSAFS-NCYPYDIPDYASLRSIVASSGTLEFTAEG---FTW-T-GVTQNGGSGACKR-GSADSFFSRLNWLTKSGN--SYPILNVTMPNNKNFDKLYIWGIHHPSSNKEQTKLYIQESGRVTVSTERSQQTVIPNIGSRPWVRGQSGRISIYWTIVKPGDILMINSNGNLVAPRGYFKL--RTGKSSVMRSDALI-DTCVSECITPNGSIPNDKPFQNVNKITYGKCPKYIRQNTLKLATGMRNVP--
4uny,A,H3N8,equine,Newmarket,,3,8,TATLCLGHHAVANGTLVKTITDDQIEVTNATELVQSISIGKICNN-SYRVLDGRNCTLIDAMLGDPHCDDFQYE-NWDLFIERSSAFS-NCYPYDIPDYASLRSIVASSGTLEFTAEG---FTW-T-GVTQNGGSGACKR-GSADSFFSRLNWLTKSGN--SYPILNVTMPNNKNFDKLYIWGIHHPSSNKEQTKLYIQESGRVTVSTERSQQTVIPNIGSRPWVRGQSGRISIYWTIVKPGDILMINSNGNLVAPRGYFKL--RTGKSSVMRSDALI-DTCVSECITPNGSIPNDKPFQNVNKITYGKCPKYIRQNTLKLATGMRNVP--
4unz,A,H3N8,equine,Newmarket,,3,8,TATLCLGHHAVANGTLVKTITDDQIEVTNATELVQSISIGKICNN-SYRVLDGRNCTLIDAMLGDPHCDDFQYE-NWDLFIERSSAFS-NCYPYDIPDYASLRSIVASSGTLEFTAEG---FTW-T-GVTQNGGSGACKR-GSADSFFSRLNWLTKSGN--SYPILNVTMPNNKNFDKLYIWGIHHPSSNKEQTKLYIQESGRVTVSTERSQQTVIPNIGSRPWVRGQSGRISIYWTIVKPGDILMINSNGNLVAPRGYFKL--RTGKSSVMRSDALI-DTCVSECITPNGSIPNDKPFQNVNKITYGKCPKYIRQNTLKLATGMRNVP--
4uo0,A,H3N8,equine,Richmond,2007,3,8,TATLCLGHHAVANGTLVKTISDDQIEVTNATELVQSISMGKICNN-SYRILDGRNCTLIDAMLGDPHCDVFQYE-NWDLFIERSSAFS-NCYPYDIPDYASLRSIVASSGTLEFTAEG---FTW-T-GVTQNGRSGACKR-GSADSFFSRLNWLTKSGN--SYPTLNVTMPNNKNFDKLYIWGIHHPSSNQEQTKLYIQESGRVTVSTKRSQQTIIPNIGSRPWVRGQSGRISIYWTIVKPGDILMINSNGNLVAPRGYFKL--KTGKSSVMRSDVPI-DICVSECITPNGSISNEKPFQNVNKVTYGKCPKYIRQNTLKLATGMRNVP--
4uo1,A,H3N8,equine,Richmond,2007,3,8,TATLCLGHHAVANGTLVKTISDDQIEVTNATELVQSISMGKICNN-SYRILDGRNCTLIDAMLGDPHCDVFQYE-NWDLFIERSSAFS-NCYPYDIPDYASLRSIVASSGTLEFTAEG---FTW-T-GVTQNGRSGACKR-GSADSFFSRLNWLTKSGN--SYPTLNVTMPNNKNFDKLYIWGIHHPSSNQEQTKLYIQESGRVTVSTKRSQQTIIPNIGSRPWVRGQSGRISIYWTIVKPGDILMINSNGNLVAPRGYFKL--KTGKSSVMRSDVPI-DICVSECITPNGSISNEKPFQNVNKVTYGKCPKYIRQNTLKLATGMRNVP--
4uo2,A,H3N8,equine,Richmond,2007,3,8,TATLCLGHHAVANGTLVKTISDDQIEVTNATELVQSISMGKICNN-SYRILDGRNCTLIDAMLGDPHCDVFQYE-NWDLFIERSSAFS-NCYPYDIPDYASLRSIVASSGTLEFTAEG---FTW-T-GVTQNGRSGACKR-GSADSFFSRLNWLTKSGN--SYPTLNVTMPNNKNFDKLYIWGIHHPSSNQEQTKLYIQESGRVTVSTKRSQQTIIPNIGSRPWVRGQSGRISIYWTIVKPGDILMINSNGNLVAPRGYFKL--KTGKSSVMRSDVPI-DICVSECITPNGSISNEKPFQNVNKVTYGKCPKYIRQNTLKLATGMRNVP--
4uo3,A,H3N8,equine,Richmond,2007,3,8,TATLCLGHHAVANGTLVKTITDDQIEVTNATELVQSISMGKICNN-SYRILDGRNCTLIDAMLGDPHCDVFQYE-NWDLFIERSSAFS-NCYPYDIPDYASLRSIVASSGTLEFTAEG---FTW-T-GVTQNGRSGACKR-GSADSFFSRLNWLTKSGN--SYPTLNVTMPNNKNFDKLYIWGIHHPSSNQEQTKLYIQESGRVTVSTKRSQQTIIPNIGSRPWVRGQSGRISIYWTIVKPGDILMINSNGNLVAPRGYFKL--KTGKSSVMRSDVPI-DICVSECITPNGSISNEKPFQNVNKVTYGKCPKYIRQNTLKLATGMRNVP--
4uo4,A,H3N8,canine,Colorado,2006,3,8,TATLCLGHHAVANGTLVKTMSDDQIEVTNATELVQSISMGKICNK-SYRILDGRNCTLIDAMLGDPHCDAFQYE-SWDLFIERSNAFS-NCYPYDIPDYASLRSIVASSGTVEFTAEG---FTW-T-GVTQNGRSGACKR-GSADSFFSRLNWLTKSGS--SYPTLNVTMPNNKNFDKLYIWGIHHPSSNQEQTKLYIQESGRVTVSTKRSQQTIIPNIGSRPLVRGQSGRISIYWTIVKPGDILMINSNGNLVAPRGYFKL--NTGKSSVMRSDVPI-DICVSECITPNGSISNDKPFQNVNKVTYGKCPKYIRQNTLKLATGMRNVP--
4uo5,A,H3N8,canine,Colorado,2006,3,8,TATLCLGHHAVANGTLVKTMSDDQIEVTNATELVQSISMGKICNK-SYRILDGRNCTLIDAMLGDPHCDAFQYE-SWDLFIERSNAFS-NCYPYDIPDYASLRSIVASSGTVEFTAEG---FTW-T-GVTQNGRSGACKR-GSADSFFSRLNWLTKSGS--SYPTLNVTMPNNKNFDKLYIWGIHHPSSNQEQTKLYIQESGRVTVSTKRSQQTIIPNIGSRPLVRGQSGRISIYWTIVKPGDILMINSNGNLVAPRGYFKL--NTGKSSVMRSDVPI-DICVSECITPNGSISNDKPFQNVNKVTYGKCPKYIRQNTLKLATGMRNVP--
4uo6,A,H3N8,canine,Colorado,2006,3,8,TATLCLGHHAVANGTLVKTMSDDQIEVTNATELVQSISMGKICNK-SYRILDGRNCTLIDAMLGDPHCDAFQYE-SWDLFIERSNAFS-NCYPYDIPDYASLRSIVASSGTVEFTAEG---FTW-T-GVTQNGRSGACKR-GSADSFFSRLNWLTKSGS--SYPTLNVTMPNNKNFDKLYIWGIHHPSSNQEQTKLYIQESGRVTVSTKRSQQTIIPNIGSRPLVRGQSGRISIYWTIVKPGDILMINSNGNLVAPRGYFKL--NTGKSSVMRSDVPI-DICVSECITPNGSISNDKPFQNVNKVTYGKCPKYIRQNTLKLATGMRNVP--
4uo7,A,H3N8,canine,Colorado,2006,3,8,TATLCLGHHAVANGTLVKTMSDDQIEVTNATELVQSISMGKICNK-SYRILDGRNCTLIDAMLGDPHCDAFQYE-SWDLFIERSNAFS-NCYPYDIPDYASLRSIVASSGTVEFTAEG---FTW-T-GVTQNGRSGACKR-GSADSFFSRLNWLTKSGS--SYPTLNVTMPNNKNFDKLYIWGIHHPSSNQEQTKLYIQESGRVTVSTKRSQQTIIPNIGSRPLVRGQSGRISIYWTIVKPGDILMINSNGNLVAPRGYFKL--NTGKSSVMRSDVPI-DICVSECITPNGSISNDKPFQNVNKVTYGKCPKYIRQNTLKLATGMRNVP--
4uo8,A,H3N8,canine,Colorado,2006,3,8,TATLCLGHHAVANGTLVKTMSDDQIEVTNATELVQSISMGKICNK-SYRILDGRNCTLIDAMLGDPHCDAFQYE-SWDLFIERSNAFS-NCYPYDIPDYASLRSIVASSGTVEFTAEG---FTW-T-GVTQNGRSGACKR-GSADSFFSRLNWLTKSGS--SYPTLNVTMPNNKNFDKLYIWGIHHPSSNQEQTKLYIQESGRVTVSTKRSQQTIIPNIGSRPLVRGQSGRISIYWTIVKPGDILMINSNGNLVAPRGYFKL--NTGKSSVMRSDVPI-DICVSECITPNGSISNDKPFQNVNKVTYGKCPKYIRQNTLKLATGMRNVP--
4uo9,A,H3N8,canine,Colorado,2006,3,8,TATLCLGHHAVANGTLVKTMTDDQIEVTNATELVQSISMGKICNK-SYRILDGRNCTLIDAMLGDPHCDAFQYE-SWDLFIERSNAFS-NCYPYDIPDYASLRSIVASSGTVEFTAEG---FTW-T-GVTQNGRSGACKR-GSADSFFSRLNWLTKSGS--SYPTLNVTMPNNKNFDKLYIWGIHHPSSNQEQTKLYIQESGRVTVSTKRSQQTIIPNIGSRPLVRGQSGRISIYWTIVKPGDILMINSNGNLVAPRGYFKL--NTGKSSVMRSDVPI-DICVSECITPNGSISNDKPFQNVNKVTYGKCPKYIRQNTLKLATGMRNVP--
4uoa,A,H3N8,canine,Colorado,2006,3,8,TATLCLGHHAVANGTLVKTISDDQIEVTNATELVQSISMGKICNK-SYRILDGRNCTLIDAMLGDPHCDAFQYE-SWDLFIERSNAFS-NCYPYDIPDYASLRSIVASSGTVEFTAEG---FTW-T-GVTQNGRSGACKR-GSADSFFSRLNWLTKSGS--SYPTLNVTMPNNKNFDKLYIWGIHHPSSNQEQTKLYIQESGRVTVSTKRSQQTIIPNIGSRPLVRGQSGRISIYWTIVKPGDILMINSNGNLVAPRGYFKL--NTGKSSVMRSDVPI-DICVSECITPNGSISNDKPFQNVNKVTYGKCPKYIRQNTLKLATGMRNVP--
4wa1,A,H3N8,avian,Massachusetts,2011,3,8,TATLCLGHHAVPNGTIVKTITDDQIEVTNATELVQSSSTGKICNN-PHRILDGRDCKLMDALLGDPHCDVFQDE-TWDLYVERSSASS-NCYPYDVPDYASLRSLVASSGTLEFITEG---FTW-T-GVTQNGESGACKR-GPANGFFSRLNWLTKSGS--VYPLLNVTMPNNDNFDKLYVWGVHHPSTNQEQTNLYVQASGRVTVSTRRSQQTIIPNIGSRPLVRGQSGRISIYWTIVKPGDILMINSNGNLVAPRGYFKM--RTGKSSIMRSNAPI-DTCISECITPNGSIPNDKPFQNVNKITYGACPKYVKQSTLKLATGMRNVP--
4wa2,A,H3N8,avian,Massachusetts,2011,3,8,TATLCLGHHAVPNGTIVKTITDDQIEVTNATELVQSSSTGKICNN-PHRILDGRDCKLMDALLGDPHCDVFQDE-TWDLYVERSSASS-NCYPYDVPDYASLRSLVASSGTLEFITEG---FTW-T-GVTQNGESGACKR-GPANGFFSRLNWLTKSGS--VYPLLNVTMPNNDNFDKLYVWGVHHPSTNQEQTNLYVQASGRVTVSTRRSQQTIIPNIGSRPLVRGQSGRISIYWTIVKPGDILMINSNGNLVAPRGYFKM--RTGKSSIMRSNAPI-DTCISECITPNGSIPNDKPFQNVNKITYGACPKYVKQSTLKLATGMRNVP--
5hmg,A,H3N2,human,Aichi,1968,3,2,TATLCLGHHAVPNGTLVKTITDDQIEVTNATELVQSSSTGKICNN-PHRILDGIDCTLIDALLGDPHCDVFQNE-TWDLFVERSKAFS-NCYPYDVPDYASLRSLVASSGTLEFITEG---FTW-T-GVTQNGGSNACKR-GPGSGFFSRLNWLTKSGS--TYPVLNVTMPNNDNFDKLYIWGIHHPSTNQEQTSLYVQASGRVTVSTRRSQQTIIPNIGSRPWVRGLSSRISIYWTIVKPGDVLVINSNGNLIAPRGYFKM--RTGKSSIMRSDAPI-DTCISECITPNGSIPNDKPFQNVNKITYGACPKYVKQNTLKLATGMRNVP--
